{
    "raw_data": {
        "nct_id": "NCT00391690",
        "official_title": "Evaluation of Bone Markers as Diagnostic Tools for Early Detection of Bone Metastases in Patients With High Risk Prostate Cancer",
        "criteria": {
            "raw_text": "Inclusion criteria:\n\n* Patients with histologically confirmed diagnosis of prostate cancer who have not yet developed bone metastases\n* Prostate cancer patients with a rise in PSA under hormone therapy.\n\nPSA criteria:\n\n* Patients who have undergone prostatectomy: any rise in PSA or\n* Patients without prostatectomy: 2 consecutive rises in PSA levels relative to a previous reference value, separated by one month. The first measurement must occur one month after the reference value and must be above the reference value. The second confirmatory measurement taken one month after the first measurement must be greater than the first measurement.\n* Previous chemotherapy or radiotherapy must have been performed ≥ 8 weeks prior to study entry.\n* Eastern Cooperative Oncology Group (ECOG) score of 0, 1 or 2 (patients that spend less than 50% of time in bed during the day)\n* Adequate liver function - serum total bilirubin concentration less than 1.5 x upper limit of normal value\n* Age: ≥ 18 years\n* Patient has given written informed consent prior to any study-specific procedures. Patients with psychiatric or addictive disorders which prevent them from giving their informed consent must not enter the study.\n\nExclusion criteria:\n\n* Prior treatment with a bisphosphonate\n* Abnormal renal function as evidenced by a calculated creatinine clearance \\< 30 ml/minute.\n* Corrected (adjusted for serum albumin) serum calcium concentration \\< 8.0 mg/dl (2.00 mmol/L) or ≥ 12.0 mg/dl (3.00 mmol/L).\n* Patients with clinically symptomatic brain metastases\n* History of diseases with influence on bone metabolism such as Paget's disease and primary hyperparathyroidism\n* Severe physical or psychological concomitant diseases that might impair compliance with the provisions of the study protocol or that might impair the assessment of drug or patient safety, e.g. clinically significant ascites, cardiac failure, NYHA III or IV, clinically relevant pathologic findings in ECG\n* Known hypersensitivity to zoledronic acid or other bisphosphonates\n* Use of other investigational drugs 30 days prior to the date of randomization\n* Known history or present abuse of alcohol or drugs\n* Subjects who, in the opinion of the investigator, are unlikely to cooperate fully during the study\n* Current active dental problems including infection of the teeth or jawbone (maxilla or mandibular); dental or fixture trauma, or a current or prior diagnosis of osteonecrosis of the jaw (ONJ), of exposed bone in the mouth, or of slow healing after dental procedures.\n* Recent (within 6 weeks) or planned dental or jaw surgery (e.g. extraction, implants)\n\nOther protocol defined inclusion/exclusion criteria may apply."
        }
    },
    "structurized": {
        "raw_text": "Inclusion criteria:\n\n* Patients with histologically confirmed diagnosis of prostate cancer who have not yet developed bone metastases\n* Prostate cancer patients with a rise in PSA under hormone therapy.\n\nPSA criteria:\n\n* Patients who have undergone prostatectomy: any rise in PSA or\n* Patients without prostatectomy: 2 consecutive rises in PSA levels relative to a previous reference value, separated by one month. The first measurement must occur one month after the reference value and must be above the reference value. The second confirmatory measurement taken one month after the first measurement must be greater than the first measurement.\n* Previous chemotherapy or radiotherapy must have been performed ≥ 8 weeks prior to study entry.\n* Eastern Cooperative Oncology Group (ECOG) score of 0, 1 or 2 (patients that spend less than 50% of time in bed during the day)\n* Adequate liver function - serum total bilirubin concentration less than 1.5 x upper limit of normal value\n* Age: ≥ 18 years\n* Patient has given written informed consent prior to any study-specific procedures. Patients with psychiatric or addictive disorders which prevent them from giving their informed consent must not enter the study.\n\nExclusion criteria:\n\n* Prior treatment with a bisphosphonate\n* Abnormal renal function as evidenced by a calculated creatinine clearance < 30 ml/minute.\n* Corrected (adjusted for serum albumin) serum calcium concentration < 8.0 mg/dl (2.00 mmol/L) or ≥ 12.0 mg/dl (3.00 mmol/L).\n* Patients with clinically symptomatic brain metastases\n* History of diseases with influence on bone metabolism such as Paget's disease and primary hyperparathyroidism\n* Severe physical or psychological concomitant diseases that might impair compliance with the provisions of the study protocol or that might impair the assessment of drug or patient safety, e.g. clinically significant ascites, cardiac failure, NYHA III or IV, clinically relevant pathologic findings in ECG\n* Known hypersensitivity to zoledronic acid or other bisphosphonates\n* Use of other investigational drugs 30 days prior to the date of randomization\n* Known history or present abuse of alcohol or drugs\n* Subjects who, in the opinion of the investigator, are unlikely to cooperate fully during the study\n* Current active dental problems including infection of the teeth or jawbone (maxilla or mandibular); dental or fixture trauma, or a current or prior diagnosis of osteonecrosis of the jaw (ONJ), of exposed bone in the mouth, or of slow healing after dental procedures.\n* Recent (within 6 weeks) or planned dental or jaw surgery (e.g. extraction, implants)\n\nOther protocol defined inclusion/exclusion criteria may apply.",
        "category": "compound_Criterion- when there are two or more criterions which can be seperated into various questions",
        "category_reasoning": "The criterion includes multiple distinct inclusion and exclusion criteria that can be separated into individual questions. It covers a range of conditions related to patient health status, treatment history, and specific medical measurements.",
        "overall_thoughts": "The criterion is well-structured, covering a comprehensive set of inclusion and exclusion criteria for a clinical trial involving prostate cancer patients. It addresses various aspects such as cancer diagnosis, treatment history, specific medical conditions, and patient consent, ensuring a thorough screening process.",
        "logical_operator": "AND",
        "criterions": [
            {
                "raw_text": "Patients with histologically confirmed diagnosis of prostate cancer who have not yet developed bone metastases",
                "category": "compound_Criterion- when there are two or more criterions which can be seperated into various questions",
                "category_reasoning": "The criterion involves two separate conditions: having a histologically confirmed diagnosis of prostate cancer and not having developed bone metastases. These can be considered as two distinct criteria that are combined to form a compound criterion.",
                "overall_thoughts": "This criterion is clear and specifies two conditions that must be met for eligibility: a confirmed diagnosis of prostate cancer and the absence of bone metastases. It is a straightforward compound criterion.",
                "logical_operator": "AND",
                "criterions": [
                    {
                        "raw_text": "Patients with histologically confirmed diagnosis of prostate cancer",
                        "category": "atomic_Criterion- where there is only one criterion that can be answered with a simple question",
                        "category_reasoning": "The criterion is straightforward and can be answered with a simple yes or no question regarding the patient's diagnosis.",
                        "overall_thoughts": "This criterion specifies that eligible patients must have a confirmed diagnosis of prostate cancer, verified through histological examination.",
                        "root_term": "diagnosis",
                        "qualifiers": [
                            "histologically confirmed",
                            "prostate cancer"
                        ],
                        "relation_type": "with",
                        "target": [
                            {
                                "answer": "prostate cancer",
                                "dependent_criterion": null
                            }
                        ],
                        "additional_information": [
                            "Histological confirmation is a method of diagnosing cancer by examining tissue under a microscope."
                        ]
                    },
                    {
                        "raw_text": "Patients who have not yet developed bone metastases",
                        "category": "atomic_Criterion- where there is only one criterion that can be answered with a simple question",
                        "category_reasoning": "The criterion is straightforward and can be answered with a simple yes or no question regarding the presence of bone metastases.",
                        "overall_thoughts": "This criterion is clear and specifies a condition related to the development of bone metastases, which is a common concern in cancer trials.",
                        "root_term": "bone metastases",
                        "qualifiers": [
                            "not yet developed"
                        ],
                        "relation_type": "absence",
                        "target": [
                            {
                                "answer": "no",
                                "dependent_criterion": null
                            }
                        ],
                        "additional_information": [
                            "This criterion is likely used to select patients who are in earlier stages of cancer progression, before metastasis to the bones has occurred."
                        ]
                    }
                ]
            },
            {
                "raw_text": "Prostate cancer patients with a rise in PSA under hormone therapy.",
                "category": "atomic_Criterion- where there is only one criterion that can be answered with a simple question",
                "category_reasoning": "The criterion specifies a single condition that can be answered with a yes or no: whether prostate cancer patients have a rise in PSA under hormone therapy.",
                "overall_thoughts": "This criterion is straightforward, focusing on a specific condition related to prostate cancer patients undergoing hormone therapy.",
                "root_term": "Prostate cancer patients",
                "qualifiers": [
                    "with a rise in PSA under hormone therapy"
                ],
                "relation_type": "condition",
                "target": [
                    {
                        "answer": "true",
                        "dependent_criterion": null
                    }
                ],
                "additional_information": []
            },
            {
                "raw_text": "Patients who have undergone prostatectomy: any rise in PSA",
                "category": "atomic_Criterion- where there is only one criterion that can be answered with a simple question",
                "category_reasoning": "The criterion is straightforward and involves a single condition that can be answered with a yes or no: whether there is any rise in PSA after prostatectomy.",
                "overall_thoughts": "This criterion is clear and specific, focusing on the condition of PSA levels post-prostatectomy.",
                "root_term": "Patients",
                "qualifiers": [
                    "who have undergone prostatectomy"
                ],
                "relation_type": "condition",
                "target": [
                    {
                        "answer": "any rise in PSA",
                        "dependent_criterion": null
                    }
                ],
                "additional_information": [
                    "PSA refers to Prostate-Specific Antigen, a marker used to monitor prostate cancer."
                ]
            },
            {
                "raw_text": "Patients without prostatectomy: 2 consecutive rises in PSA levels relative to a previous reference value, separated by one month. The first measurement must occur one month after the reference value and must be above the reference value. The second confirmatory measurement taken one month after the first measurement must be greater than the first measurement.",
                "category": "compound_Criterion- when there are two or more criterions which can be seperated into various questions",
                "category_reasoning": "The criterion involves multiple conditions that need to be satisfied: the patient must not have had a prostatectomy, and there must be two consecutive rises in PSA levels with specific timing and value conditions. These can be broken down into separate questions regarding the patient's surgical history and PSA level changes.",
                "overall_thoughts": "This criterion is well-structured for determining eligibility based on PSA level changes in patients who have not undergone prostatectomy. It clearly specifies the timing and conditions for PSA measurements, making it a compound criterion.",
                "logical_operator": "AND",
                "criterions": [
                    {
                        "raw_text": "Patients without prostatectomy",
                        "category": "atomic_Criterion- where there is only one criterion that can be answered with a simple question",
                        "category_reasoning": "The criterion is straightforward and can be answered with a simple yes or no question regarding the patient's medical history.",
                        "overall_thoughts": "This criterion specifies that eligible patients must not have undergone a prostatectomy, which is a surgical procedure to remove all or part of the prostate gland.",
                        "root_term": "prostatectomy",
                        "qualifiers": [
                            "without"
                        ],
                        "relation_type": "exclusion",
                        "target": [
                            {
                                "answer": "no",
                                "dependent_criterion": null
                            }
                        ],
                        "additional_information": [
                            "A prostatectomy is a surgical procedure for the partial or complete removal of the prostate."
                        ]
                    },
                    {
                        "raw_text": "2 consecutive rises in PSA levels relative to a previous reference value, separated by one month",
                        "category": "compound_Criterion- when there are two or more criterions which can be seperated into various questions",
                        "category_reasoning": "The criterion involves two separate conditions: a rise in PSA levels and the timing of these rises being separated by one month. These can be considered as two distinct criteria that are logically connected.",
                        "overall_thoughts": "The criterion specifies a condition related to PSA levels, which involves both the measurement of PSA levels and the timing of these measurements. This makes it a compound criterion as it involves multiple conditions that need to be satisfied.",
                        "logical_operator": "AND",
                        "criterions": [
                            {
                                "raw_text": "2 consecutive rises in PSA levels relative to a previous reference value",
                                "category": "atomic_Criterion- where there is only one criterion that can be answered with a simple question",
                                "category_reasoning": "The criterion specifies a single condition related to PSA levels that can be evaluated with a straightforward measurement and comparison process.",
                                "overall_thoughts": "This criterion is clear and specific, focusing on the measurement of PSA levels over time. It is a common criterion in clinical trials related to prostate cancer.",
                                "root_term": "PSA levels",
                                "qualifiers": [
                                    "2 consecutive rises",
                                    "relative to a previous reference value"
                                ],
                                "relation_type": "increase",
                                "target": [
                                    {
                                        "answer": "true",
                                        "dependent_criterion": null
                                    }
                                ],
                                "additional_information": [
                                    "PSA stands for Prostate-Specific Antigen, a marker used in prostate cancer monitoring."
                                ]
                            },
                            null
                        ]
                    },
                    {
                        "raw_text": "The first measurement must occur one month after the reference value and must be above the reference value",
                        "category": "compound_Criterion- when there are two or more criterions which can be seperated into various questions",
                        "category_reasoning": "The criterion consists of two separate conditions: the timing of the first measurement and its value relative to the reference value. These can be considered as two distinct criteria joined by an 'AND' logical operator.",
                        "overall_thoughts": "This criterion specifies two conditions that must be met for eligibility: a timing condition and a value condition. Both conditions are clear and can be independently assessed, making this a compound criterion.",
                        "logical_operator": "AND",
                        "criterions": [
                            {
                                "raw_text": "The first measurement must occur one month after the reference value",
                                "category": "atomic_Criterion- where there is only one criterion that can be answered with a simple question",
                                "category_reasoning": "The criterion specifies a single condition regarding the timing of a measurement relative to a reference value, which can be addressed with a straightforward question about timing.",
                                "overall_thoughts": "This criterion is straightforward, specifying a timing requirement for a measurement relative to a reference value.",
                                "root_term": "measurement",
                                "qualifiers": [
                                    "first"
                                ],
                                "relation_type": "must occur one month after",
                                "target": [
                                    {
                                        "answer": "reference value",
                                        "dependent_criterion": null
                                    }
                                ],
                                "additional_information": [
                                    "This criterion is about the timing of a measurement in relation to a reference value."
                                ]
                            },
                            {
                                "raw_text": "The first measurement must be above the reference value",
                                "category": "atomic_Criterion- where there is only one criterion that can be answered with a simple question",
                                "category_reasoning": "The criterion specifies a single condition that can be evaluated with a straightforward comparison between the first measurement and the reference value.",
                                "overall_thoughts": "This criterion is clear and specifies a simple condition that needs to be met regarding the first measurement in relation to a reference value.",
                                "root_term": "first measurement",
                                "qualifiers": [],
                                "relation_type": "must be above",
                                "target": [
                                    {
                                        "answer": "reference value",
                                        "dependent_criterion": null
                                    }
                                ],
                                "additional_information": []
                            }
                        ]
                    },
                    {
                        "raw_text": "The second confirmatory measurement taken one month after the first measurement must be greater than the first measurement",
                        "category": "atomic_Criterion- where there is only one criterion that can be answered with a simple question",
                        "category_reasoning": "The criterion involves a simple comparison between two measurements, which can be answered with a yes or no.",
                        "overall_thoughts": "This criterion specifies a condition for a confirmatory measurement to be considered valid, requiring it to be greater than the initial measurement taken a month prior.",
                        "root_term": "second confirmatory measurement",
                        "qualifiers": [
                            "taken one month after the first measurement"
                        ],
                        "relation_type": "must be greater than",
                        "target": [
                            {
                                "answer": "the first measurement",
                                "dependent_criterion": null
                            }
                        ],
                        "additional_information": [
                            "This criterion is likely used to ensure that there is a significant change or improvement in the measurement over time."
                        ]
                    }
                ]
            },
            {
                "raw_text": "Previous chemotherapy or radiotherapy must have been performed ≥ 8 weeks prior to study entry.",
                "category": "atomic_Criterion- where there is only one criterion that can be answered with a simple question",
                "category_reasoning": "The criterion specifies a single condition regarding the timing of previous treatments relative to study entry, which can be answered with a simple yes or no.",
                "overall_thoughts": "This criterion is straightforward, specifying a minimum time interval between prior treatments and study entry, ensuring that participants have had sufficient recovery time.",
                "root_term": "Previous chemotherapy or radiotherapy",
                "qualifiers": [
                    "must have been performed ≥ 8 weeks prior to study entry"
                ],
                "relation_type": "temporal",
                "target": [
                    {
                        "answer": "Yes",
                        "dependent_criterion": null
                    }
                ],
                "additional_information": []
            },
            {
                "raw_text": "Eastern Cooperative Oncology Group (ECOG) score of 0, 1 or 2 (patients that spend less than 50% of time in bed during the day)",
                "category": "atomic_Criterion- where there is only one criterion that can be answered with a simple question",
                "category_reasoning": "The criterion specifies a single condition related to the ECOG performance status, which can be directly assessed with a simple question about the patient's ECOG score.",
                "overall_thoughts": "This criterion is straightforward as it specifies the acceptable range of ECOG scores for eligibility, which is a common measure of a patient's functional status in clinical trials.",
                "root_term": "ECOG score",
                "qualifiers": [
                    "Eastern Cooperative Oncology Group",
                    "patients that spend less than 50% of time in bed during the day"
                ],
                "relation_type": "equals",
                "target": [
                    {
                        "answer": "0",
                        "dependent_criterion": null
                    },
                    {
                        "answer": "1",
                        "dependent_criterion": null
                    },
                    {
                        "answer": "2",
                        "dependent_criterion": null
                    }
                ],
                "additional_information": [
                    "ECOG performance status is a standard measure used to assess how a patient's disease is progressing, how the disease affects the daily living abilities of the patient, and to determine appropriate treatment and prognosis."
                ]
            },
            {
                "raw_text": "Adequate liver function - serum total bilirubin concentration less than 1.5 x upper limit of normal value",
                "category": "atomic_Criterion- where there is only one criterion that can be answered with a simple question",
                "category_reasoning": "The criterion specifies a single measurable condition regarding liver function, specifically the serum total bilirubin concentration, which can be answered with a simple yes or no based on the patient's lab results.",
                "overall_thoughts": "This criterion is straightforward and involves checking a specific lab value to determine eligibility based on liver function.",
                "root_term": "liver function",
                "qualifiers": [
                    "adequate"
                ],
                "relation_type": "less than",
                "target": [
                    {
                        "answer": "1.5 x upper limit of normal value",
                        "dependent_criterion": null
                    }
                ],
                "additional_information": [
                    "serum total bilirubin concentration"
                ]
            },
            {
                "raw_text": "Age: ≥ 18 years",
                "category": "atomic_Criterion- where there is only one criterion that can be answered with a simple question",
                "category_reasoning": "The criterion specifies a single condition regarding the age of participants, which can be answered with a simple yes or no.",
                "overall_thoughts": "This is a straightforward age criterion specifying the minimum age for eligibility.",
                "root_term": "Age",
                "qualifiers": [
                    ">= 18 years"
                ],
                "relation_type": "greater than or equal to",
                "target": [
                    {
                        "answer": "18 years or older",
                        "dependent_criterion": null
                    }
                ],
                "additional_information": []
            },
            {
                "raw_text": "Patient has given written informed consent prior to any study-specific procedures. Patients with psychiatric or addictive disorders which prevent them from giving their informed consent must not enter the study.",
                "category": "hierarchical_criterion- when there is a parent criterion and a child criterion which adds further criteria should the parent be true.",
                "category_reasoning": "The criterion is hierarchical because it starts with a general requirement for written informed consent and then specifies a condition under which this requirement cannot be met, namely if the patient has psychiatric or addictive disorders that prevent them from giving informed consent.",
                "overall_thoughts": "The criterion is clear in its requirement for informed consent and provides a specific exclusion condition related to the patient's mental capacity to provide such consent.",
                "parent_criterion": {
                    "raw_text": "Patient has given written informed consent prior to any study-specific procedures.",
                    "category": "atomic_Criterion- where there is only one criterion that can be answered with a simple question",
                    "category_reasoning": "The criterion is a straightforward requirement that can be answered with a yes or no, regarding whether the patient has given written informed consent.",
                    "overall_thoughts": "This criterion ensures that the patient is fully aware and agrees to participate in the study, which is a standard ethical requirement for clinical trials.",
                    "root_term": "Patient",
                    "qualifiers": [
                        "has given written informed consent"
                    ],
                    "relation_type": "requirement",
                    "target": [
                        {
                            "answer": "yes",
                            "dependent_criterion": null
                        }
                    ],
                    "additional_information": [
                        "This is a standard ethical requirement for participation in clinical trials."
                    ]
                },
                "child_criterion": {
                    "raw_text": "Patients with psychiatric or addictive disorders which prevent them from giving their informed consent must not enter the study.",
                    "category": "atomic_Criterion- where there is only one criterion that can be answered with a simple question",
                    "category_reasoning": "The criterion is a single condition that can be evaluated with a straightforward question about the patient's ability to give informed consent due to psychiatric or addictive disorders.",
                    "overall_thoughts": "This criterion is clear and specific, focusing on the patient's ability to provide informed consent, which is crucial for ethical participation in clinical trials.",
                    "root_term": "Patients",
                    "qualifiers": [
                        "with psychiatric or addictive disorders which prevent them from giving their informed consent"
                    ],
                    "relation_type": "must not enter",
                    "target": [
                        {
                            "answer": "the study",
                            "dependent_criterion": null
                        }
                    ],
                    "additional_information": [
                        "The criterion ensures that only patients capable of providing informed consent are included, which is an ethical requirement for participation in clinical trials."
                    ]
                },
                "additional_information": [
                    "Informed consent is a fundamental ethical requirement for participation in clinical trials.",
                    "The criterion ensures that only patients who are capable of understanding and agreeing to the study procedures are enrolled."
                ]
            },
            {
                "raw_text": "Prior treatment with a bisphosphonate",
                "category": "atomic_Criterion- where there is only one criterion that can be answered with a simple question",
                "category_reasoning": "The criterion is straightforward and can be answered with a simple yes or no question regarding prior treatment with a bisphosphonate.",
                "overall_thoughts": "This criterion is clear and specific, focusing on whether the patient has previously been treated with a bisphosphonate.",
                "root_term": "treatment",
                "qualifiers": [
                    "prior",
                    "with a bisphosphonate"
                ],
                "relation_type": "prior treatment",
                "target": [
                    {
                        "answer": "yes",
                        "dependent_criterion": null
                    }
                ],
                "additional_information": [
                    "Bisphosphonates are a class of drugs that prevent the loss of bone density, used to treat osteoporosis and similar diseases."
                ]
            },
            {
                "raw_text": "Abnormal renal function as evidenced by a calculated creatinine clearance < 30 ml/minute.",
                "category": "atomic_Criterion- where there is only one criterion that can be answered with a simple question",
                "category_reasoning": "The criterion is a single condition that can be evaluated with a specific test result, namely the creatinine clearance value.",
                "overall_thoughts": "This criterion specifies a threshold for renal function, using creatinine clearance as a measure. It is straightforward and does not require additional sub-criteria.",
                "root_term": "renal function",
                "qualifiers": [
                    "abnormal",
                    "as evidenced by a calculated creatinine clearance < 30 ml/minute"
                ],
                "relation_type": "evidenced by",
                "target": [
                    {
                        "answer": "< 30 ml/minute",
                        "dependent_criterion": null
                    }
                ],
                "additional_information": [
                    "Creatinine clearance is a measure used to assess kidney function."
                ]
            },
            {
                "raw_text": "Corrected (adjusted for serum albumin) serum calcium concentration < 8.0 mg/dl (2.00 mmol/L) or ≥ 12.0 mg/dl (3.00 mmol/L).",
                "category": "atomic_Criterion- where there is only one criterion that can be answered with a simple question",
                "category_reasoning": "The criterion specifies a single condition regarding serum calcium concentration levels, which can be directly measured and evaluated against the given thresholds.",
                "overall_thoughts": "This criterion is straightforward as it involves checking if the serum calcium concentration falls outside the specified range, which is a common laboratory measurement.",
                "root_term": "serum calcium concentration",
                "qualifiers": [
                    "Corrected (adjusted for serum albumin)"
                ],
                "relation_type": "range",
                "target": [
                    {
                        "answer": "< 8.0 mg/dl (2.00 mmol/L)",
                        "dependent_criterion": null
                    },
                    {
                        "answer": "≥ 12.0 mg/dl (3.00 mmol/L)",
                        "dependent_criterion": null
                    }
                ],
                "additional_information": [
                    "The criterion involves checking the serum calcium concentration after correction for serum albumin levels."
                ]
            },
            {
                "raw_text": "Patients with clinically symptomatic brain metastases",
                "category": "atomic_Criterion- where there is only one criterion that can be answered with a simple question",
                "category_reasoning": "The criterion is straightforward and can be answered with a simple yes or no question regarding the presence of clinically symptomatic brain metastases.",
                "overall_thoughts": "This criterion is clear and specific, focusing on the presence of clinically symptomatic brain metastases in patients.",
                "root_term": "brain metastases",
                "qualifiers": [
                    "clinically symptomatic"
                ],
                "relation_type": "with",
                "target": [
                    {
                        "answer": "presence of clinically symptomatic brain metastases",
                        "dependent_criterion": null
                    }
                ],
                "additional_information": [
                    "This criterion is likely used to exclude patients who have active brain metastases that are causing symptoms, as these patients may require different management or may not be suitable for certain trials."
                ]
            },
            {
                "raw_text": "History of diseases with influence on bone metabolism such as Paget's disease and primary hyperparathyroidism",
                "category": "compound_Criterion- when there are two or more criterions which can be seperated into various questions",
                "category_reasoning": "The criterion lists two specific diseases, Paget's disease and primary hyperparathyroidism, both of which influence bone metabolism. These can be separated into individual questions regarding the history of each disease.",
                "overall_thoughts": "The criterion is clear in specifying the diseases that influence bone metabolism, making it a compound criterion due to the presence of multiple conditions.",
                "logical_operator": "OR",
                "criterions": [
                    {
                        "raw_text": "History of Paget's disease",
                        "category": "atomic_Criterion- where there is only one criterion that can be answered with a simple question",
                        "category_reasoning": "The criterion is a straightforward medical history check for Paget's disease, which can be answered with a yes or no.",
                        "overall_thoughts": "This criterion is clear and specific, focusing on the patient's medical history regarding Paget's disease.",
                        "root_term": "Paget's disease",
                        "qualifiers": [
                            "History of"
                        ],
                        "relation_type": "history_of",
                        "target": [
                            {
                                "answer": "Yes",
                                "dependent_criterion": null
                            }
                        ],
                        "additional_information": []
                    },
                    {
                        "raw_text": "History of primary hyperparathyroidism",
                        "category": "atomic_Criterion- where there is only one criterion that can be answered with a simple question",
                        "category_reasoning": "The criterion is straightforward and can be answered with a simple yes or no question regarding the patient's medical history.",
                        "overall_thoughts": "This criterion is clear and specific, focusing on the patient's medical history related to primary hyperparathyroidism.",
                        "root_term": "primary hyperparathyroidism",
                        "qualifiers": [
                            "history of"
                        ],
                        "relation_type": "history of",
                        "target": [
                            {
                                "answer": "Yes",
                                "dependent_criterion": null
                            }
                        ],
                        "additional_information": []
                    }
                ]
            },
            {
                "raw_text": "Severe physical or psychological concomitant diseases that might impair compliance with the provisions of the study protocol or that might impair the assessment of drug or patient safety, e.g. clinically significant ascites, cardiac failure, NYHA III or IV, clinically relevant pathologic findings in ECG",
                "category": "compound_Criterion- when there are two or more criterions which can be seperated into various questions",
                "category_reasoning": "The criterion lists multiple conditions (e.g., clinically significant ascites, cardiac failure, NYHA III or IV, clinically relevant pathologic findings in ECG) that could impair compliance or safety assessment, indicating a compound nature.",
                "overall_thoughts": "The criterion is compound as it involves multiple potential conditions that could affect study compliance or safety assessment. Each condition could be considered separately to determine eligibility.",
                "logical_operator": "OR",
                "criterions": [
                    {
                        "raw_text": "Severe physical or psychological concomitant diseases that might impair compliance with the provisions of the study protocol",
                        "category": "atomic_Criterion- where there is only one criterion that can be answered with a simple question",
                        "category_reasoning": "The criterion is a single condition that can be assessed with a yes or no answer regarding the presence of severe concomitant diseases.",
                        "overall_thoughts": "This criterion is straightforward, focusing on the presence of severe diseases that could affect study compliance.",
                        "root_term": "diseases",
                        "qualifiers": [
                            "severe",
                            "physical",
                            "psychological",
                            "concomitant"
                        ],
                        "relation_type": "might impair",
                        "target": [
                            {
                                "answer": "compliance with the provisions of the study protocol",
                                "dependent_criterion": null
                            }
                        ],
                        "additional_information": []
                    },
                    {
                        "raw_text": "Severe physical or psychological concomitant diseases that might impair the assessment of drug or patient safety",
                        "category": "atomic_Criterion- where there is only one criterion that can be answered with a simple question",
                        "category_reasoning": "The criterion is a single statement that can be answered with a yes or no regarding the presence of severe concomitant diseases.",
                        "overall_thoughts": "This criterion is focused on excluding participants who have severe concomitant diseases that could interfere with the trial's assessments.",
                        "root_term": "concomitant diseases",
                        "qualifiers": [
                            "severe",
                            "physical or psychological"
                        ],
                        "relation_type": "might impair",
                        "target": [
                            {
                                "answer": "impair the assessment of drug or patient safety",
                                "dependent_criterion": null
                            }
                        ],
                        "additional_information": []
                    },
                    {
                        "raw_text": "Clinically significant ascites",
                        "category": "atomic_Criterion- where there is only one criterion that can be answered with a simple question",
                        "category_reasoning": "The criterion is straightforward and can be answered with a simple yes or no regarding the presence of clinically significant ascites.",
                        "overall_thoughts": "This criterion is clear and specific, focusing on the presence of clinically significant ascites, which is a common exclusion criterion in clinical trials due to potential complications.",
                        "root_term": "ascites",
                        "qualifiers": [
                            "clinically significant"
                        ],
                        "relation_type": "presence",
                        "target": [
                            {
                                "answer": "yes",
                                "dependent_criterion": null
                            }
                        ],
                        "additional_information": []
                    },
                    {
                        "raw_text": "Cardiac failure, NYHA III or IV",
                        "category": "atomic_Criterion- where there is only one criterion that can be answered with a simple question",
                        "category_reasoning": "The criterion specifies a single condition related to cardiac failure with a specific classification (NYHA III or IV), which can be answered with a simple yes or no.",
                        "overall_thoughts": "This criterion is straightforward as it specifies a condition with a well-defined classification system (NYHA).",
                        "root_term": "Cardiac failure",
                        "qualifiers": [
                            "NYHA III or IV"
                        ],
                        "relation_type": "is",
                        "target": [
                            {
                                "answer": "true",
                                "dependent_criterion": null
                            }
                        ],
                        "additional_information": [
                            "NYHA (New York Heart Association) classification is used to assess the severity of symptoms in patients with heart failure."
                        ]
                    },
                    {
                        "raw_text": "Clinically relevant pathologic findings in ECG",
                        "category": "atomic_Criterion- where there is only one criterion that can be answered with a simple question",
                        "category_reasoning": "The criterion is straightforward and can be answered with a simple yes or no regarding the presence of clinically relevant pathologic findings in an ECG.",
                        "overall_thoughts": "This criterion is clear and specific, focusing on the presence of pathologic findings in an ECG that are clinically relevant.",
                        "root_term": "pathologic findings",
                        "qualifiers": [
                            "clinically relevant",
                            "in ECG"
                        ],
                        "relation_type": "presence",
                        "target": [
                            {
                                "answer": "present",
                                "dependent_criterion": null
                            }
                        ],
                        "additional_information": [
                            "ECG refers to electrocardiogram, a test that measures the electrical activity of the heart."
                        ]
                    }
                ]
            },
            {
                "raw_text": "Known hypersensitivity to zoledronic acid or other bisphosphonates",
                "category": "atomic_Criterion- where there is only one criterion that can be answered with a simple question",
                "category_reasoning": "The criterion is a straightforward exclusion based on a known hypersensitivity, which can be answered with a simple yes or no.",
                "overall_thoughts": "This criterion is clear and specific, focusing on hypersensitivity to a particular class of drugs, which is a common exclusion criterion in clinical trials.",
                "root_term": "hypersensitivity",
                "qualifiers": [
                    "known"
                ],
                "relation_type": "to",
                "target": [
                    {
                        "answer": "zoledronic acid",
                        "dependent_criterion": null
                    },
                    {
                        "answer": "other bisphosphonates",
                        "dependent_criterion": null
                    }
                ],
                "additional_information": []
            },
            {
                "raw_text": "Use of other investigational drugs 30 days prior to the date of randomization",
                "category": "atomic_Criterion- where there is only one criterion that can be answered with a simple question",
                "category_reasoning": "The criterion is a straightforward exclusion criterion that can be answered with a yes or no question regarding the use of investigational drugs within a specific timeframe.",
                "overall_thoughts": "This criterion is designed to exclude participants who have used investigational drugs recently, which could interfere with the study results.",
                "root_term": "Use of other investigational drugs",
                "qualifiers": [
                    "30 days prior to the date of randomization"
                ],
                "relation_type": "exclusion",
                "target": [
                    {
                        "answer": "No",
                        "dependent_criterion": null
                    }
                ],
                "additional_information": [
                    "This criterion ensures that participants have not been exposed to other investigational drugs that could affect the study outcomes."
                ]
            },
            {
                "raw_text": "Known history or present abuse of alcohol or drugs",
                "category": "compound_Criterion- when there are two or more criterions which can be seperated into various questions",
                "category_reasoning": "The criterion involves two separate conditions: a known history of abuse and present abuse, which can be considered as two distinct questions.",
                "overall_thoughts": "The criterion addresses substance abuse, which is a common exclusion factor in clinical trials due to potential impacts on health and treatment outcomes.",
                "root_term": "abuse",
                "qualifiers": [
                    "known history",
                    "present"
                ],
                "relation_type": "of",
                "target": [
                    {
                        "answer": "alcohol",
                        "dependent_criterion": null
                    },
                    {
                        "answer": "drugs",
                        "dependent_criterion": null
                    }
                ],
                "additional_information": [
                    "The criterion is concerned with both past and current substance abuse, which may affect eligibility due to health risks or potential interactions with the study treatment."
                ]
            },
            {
                "raw_text": "Subjects who, in the opinion of the investigator, are unlikely to cooperate fully during the study",
                "category": "atomic_Criterion- where there is only one criterion that can be answered with a simple question",
                "category_reasoning": "The criterion is a single statement that can be answered with a yes or no regarding the subject's likelihood to cooperate, based on the investigator's opinion.",
                "overall_thoughts": "This criterion is subjective and relies on the investigator's judgment about the participant's potential cooperation during the study.",
                "root_term": "Subjects",
                "qualifiers": [
                    "who, in the opinion of the investigator, are unlikely to cooperate fully during the study"
                ],
                "relation_type": "are",
                "target": [
                    {
                        "answer": "unlikely to cooperate fully",
                        "dependent_criterion": null
                    }
                ],
                "additional_information": [
                    "This criterion is subjective and may vary between investigators."
                ]
            },
            {
                "raw_text": "Current active dental problems including infection of the teeth or jawbone (maxilla or mandibular); dental or fixture trauma, or a current or prior diagnosis of osteonecrosis of the jaw (ONJ), of exposed bone in the mouth, or of slow healing after dental procedures.",
                "category": "compound_Criterion- when there are two or more criterions which can be seperated into various questions",
                "category_reasoning": "The criterion lists multiple distinct dental issues that could disqualify a participant, such as infections, trauma, and specific diagnoses like osteonecrosis of the jaw. These can be separated into individual questions regarding each condition.",
                "overall_thoughts": "The criterion is comprehensive, covering a range of dental issues that could impact a participant's eligibility. It is well-structured to ensure that any significant dental problems are identified.",
                "logical_operator": "OR",
                "criterions": [
                    {
                        "raw_text": "Current active dental problems including infection of the teeth or jawbone (maxilla or mandibular)",
                        "category": "atomic_Criterion- where there is only one criterion that can be answered with a simple question",
                        "category_reasoning": "The criterion is a single condition that can be answered with a yes or no regarding the presence of active dental problems.",
                        "overall_thoughts": "The criterion specifies a condition related to dental health, focusing on active problems and infections in specific areas.",
                        "root_term": "dental problems",
                        "qualifiers": [
                            "current",
                            "active",
                            "including infection of the teeth or jawbone (maxilla or mandibular)"
                        ],
                        "relation_type": "presence",
                        "target": [
                            {
                                "answer": "yes",
                                "dependent_criterion": null
                            }
                        ],
                        "additional_information": [
                            "The criterion specifies the location of the infection as either the teeth or jawbone, including maxilla or mandibular."
                        ]
                    },
                    {
                        "raw_text": "Dental or fixture trauma",
                        "category": "compound_Criterion- when there are two or more criterions which can be seperated into various questions",
                        "category_reasoning": "The criterion mentions two distinct conditions: 'Dental trauma' and 'fixture trauma', which can be considered separately.",
                        "overall_thoughts": "The criterion involves two separate conditions that could affect eligibility, thus making it a compound criterion.",
                        "root_term": "trauma",
                        "qualifiers": [
                            "Dental",
                            "fixture"
                        ],
                        "relation_type": "or",
                        "target": [
                            {
                                "answer": "true",
                                "dependent_criterion": null
                            }
                        ],
                        "additional_information": []
                    },
                    {
                        "raw_text": "Current or prior diagnosis of osteonecrosis of the jaw (ONJ)",
                        "category": "atomic_Criterion- where there is only one criterion that can be answered with a simple question",
                        "category_reasoning": "The criterion is a straightforward medical condition check, asking whether the patient has ever been diagnosed with a specific condition, which is osteonecrosis of the jaw.",
                        "overall_thoughts": "This criterion is clear and specific, focusing on the patient's history with a particular medical condition, which is relevant for assessing eligibility for certain clinical trials.",
                        "root_term": "diagnosis",
                        "qualifiers": [
                            "current",
                            "prior",
                            "of osteonecrosis of the jaw (ONJ)"
                        ],
                        "relation_type": "has",
                        "target": [
                            {
                                "answer": "yes",
                                "dependent_criterion": null
                            }
                        ],
                        "additional_information": []
                    },
                    {
                        "raw_text": "Diagnosis of exposed bone in the mouth",
                        "category": "atomic_Criterion- where there is only one criterion that can be answered with a simple question",
                        "category_reasoning": "The criterion is a straightforward medical diagnosis that can be confirmed with a simple examination or test.",
                        "overall_thoughts": "This criterion is clear and specific, focusing on a particular medical condition that can be easily identified.",
                        "root_term": "Diagnosis",
                        "qualifiers": [
                            "exposed bone in the mouth"
                        ],
                        "relation_type": "of",
                        "target": [
                            {
                                "answer": "exposed bone in the mouth",
                                "dependent_criterion": null
                            }
                        ],
                        "additional_information": []
                    },
                    {
                        "raw_text": "Diagnosis of slow healing after dental procedures",
                        "category": "atomic_Criterion- where there is only one criterion that can be answered with a simple question",
                        "category_reasoning": "The criterion is a straightforward statement that can be answered with a yes or no regarding the diagnosis of slow healing after dental procedures.",
                        "overall_thoughts": "This criterion is clear and specific, focusing on the diagnosis of slow healing post-dental procedures.",
                        "root_term": "Diagnosis",
                        "qualifiers": [
                            "slow healing after dental procedures"
                        ],
                        "relation_type": "of",
                        "target": [
                            {
                                "answer": "slow healing after dental procedures",
                                "dependent_criterion": null
                            }
                        ],
                        "additional_information": []
                    }
                ]
            },
            {
                "raw_text": "Recent (within 6 weeks) or planned dental or jaw surgery (e.g. extraction, implants)",
                "category": "atomic_Criterion- where there is only one criterion that can be answered with a simple question",
                "category_reasoning": "The criterion is a straightforward question about the patient's recent or planned dental or jaw surgery, which can be answered with a yes or no.",
                "overall_thoughts": "This criterion is clear and specific, focusing on dental or jaw surgeries within a specific timeframe.",
                "root_term": "dental or jaw surgery",
                "qualifiers": [
                    "recent (within 6 weeks)",
                    "planned"
                ],
                "relation_type": "has occurred or is planned",
                "target": [
                    {
                        "answer": "yes",
                        "dependent_criterion": null
                    }
                ],
                "additional_information": [
                    "Examples include extraction, implants."
                ]
            }
        ]
    }
}