{
    "raw_data": {
        "nct_id": "NCT00183885",
        "official_title": "A Phase II Study of Intra-arterial Chemotherapy With Cisplatin and Mitomycin-C",
        "criteria": {
            "raw_text": "Inclusion Criteria:\n\n* Unresectable, histologically confirmed hepatocellular carcinoma with evident disease limited to liver.\n* Tissue from tumor must be available. This may be paraffin embedded tissue from previous biopsy/resection or if it is not available, a repeat biopsy must be performed. The requirement for biopsy may be waived if alpha-fetoprotein is greater than 500 ng/mL and in the investigators opinion not explained by a concurrent hepatic inflammatory process.\n* Patients must agree to have a 20 cc blood sample drawn in addition to routine labs with each cycle of chemotherapy.\n* Patients must have measurable disease. If prior radiation therapy was administered, measurable disease must be outside the radiation field.\n* Patients must have a Zubrod performance status of 0-2.\n* Patients must have a predicted life expectancy of at least 12 weeks.\n* Patients must have a pre-treatment granulocyte count (i.e., segmented neutrophils + bands) of greater than or equal to 1,500/mm3, a hemoglobin level of greater than or equal to 9 gm/dl, and platelet count greater than or equal to 50,000/mm3. The granulocyte requirement may be waived if in the investigator's opinion the lower count reflects hypersplenism with adequate bone marrow reserves.\n* Patients must have adequate renal function as documented by a calculated creatinine clearance ≥ 60.\n* Patients must have adequate hepatic function as documented by a serum bilirubin less than or equal to 2x the institutional upper limit of normal, regardless of whether patients have liver involvement secondary to tumor. Patients may not have ascites or the ascites must be responsive to diuretics.\n\nExclusion Criteria:\n\n* Patients who have received prior chemotherapy for unresectable disease\n* Patients with any active or uncontrolled infection, including known HIV infection. (Patients with active hepatitis B will be placed on lamivudine. Patients with active hepatitis C will be eligible if liver tests qualify (5.1.9)\n* Patients with psychiatric disorders that would interfere with consent or follow-up. Pregnant or lactating women. Men and women of reproductive potential may not participate unless they have agreed to use an effective contraceptive method.\n* Patients with any other severe concurrent disease, which in the judgment of the investigator, would make the patient inappropriate for entry into this study."
        }
    },
    "structurized": {
        "raw_text": "Inclusion Criteria:\n\n* Unresectable, histologically confirmed hepatocellular carcinoma with evident disease limited to liver.\n* Tissue from tumor must be available. This may be paraffin embedded tissue from previous biopsy/resection or if it is not available, a repeat biopsy must be performed. The requirement for biopsy may be waived if alpha-fetoprotein is greater than 500 ng/mL and in the investigators opinion not explained by a concurrent hepatic inflammatory process.\n* Patients must agree to have a 20 cc blood sample drawn in addition to routine labs with each cycle of chemotherapy.\n* Patients must have measurable disease. If prior radiation therapy was administered, measurable disease must be outside the radiation field.\n* Patients must have a Zubrod performance status of 0-2.\n* Patients must have a predicted life expectancy of at least 12 weeks.\n* Patients must have a pre-treatment granulocyte count (i.e., segmented neutrophils + bands) of greater than or equal to 1,500/mm3, a hemoglobin level of greater than or equal to 9 gm/dl, and platelet count greater than or equal to 50,000/mm3. The granulocyte requirement may be waived if in the investigator's opinion the lower count reflects hypersplenism with adequate bone marrow reserves.\n* Patients must have adequate renal function as documented by a calculated creatinine clearance ≥ 60.\n* Patients must have adequate hepatic function as documented by a serum bilirubin less than or equal to 2x the institutional upper limit of normal, regardless of whether patients have liver involvement secondary to tumor. Patients may not have ascites or the ascites must be responsive to diuretics.\n\nExclusion Criteria:\n\n* Patients who have received prior chemotherapy for unresectable disease\n* Patients with any active or uncontrolled infection, including known HIV infection. (Patients with active hepatitis B will be placed on lamivudine. Patients with active hepatitis C will be eligible if liver tests qualify (5.1.9)\n* Patients with psychiatric disorders that would interfere with consent or follow-up. Pregnant or lactating women. Men and women of reproductive potential may not participate unless they have agreed to use an effective contraceptive method.\n* Patients with any other severe concurrent disease, which in the judgment of the investigator, would make the patient inappropriate for entry into this study.",
        "category": "compound_Criterion- when there are two or more criterions which can be seperated into various questions",
        "category_reasoning": "The criterion includes multiple distinct inclusion and exclusion criteria that can be separated into individual questions regarding patient eligibility.",
        "overall_thoughts": "The criterion is well-structured, covering a comprehensive set of inclusion and exclusion criteria for a clinical trial involving patients with hepatocellular carcinoma. It addresses various aspects such as disease status, laboratory values, and patient conditions.",
        "logical_operator": "AND",
        "criterions": [
            {
                "raw_text": "Unresectable, histologically confirmed hepatocellular carcinoma with evident disease limited to liver.",
                "category": "compound_Criterion- when there are two or more criterions which can be seperated into various questions",
                "category_reasoning": "The criterion includes multiple conditions that need to be satisfied: the cancer must be unresectable, histologically confirmed, and the disease must be limited to the liver. These can be separated into distinct questions.",
                "overall_thoughts": "This criterion is well-structured and clearly specifies the conditions under which a patient would be eligible for the trial. It requires the cancer to be unresectable, histologically confirmed, and confined to the liver, which are common eligibility requirements for trials involving liver cancer.",
                "logical_operator": "AND",
                "criterions": [
                    {
                        "raw_text": "Unresectable hepatocellular carcinoma",
                        "category": "atomic_Criterion- where there is only one criterion that can be answered with a simple question",
                        "category_reasoning": "The criterion is straightforward and can be answered with a simple yes or no question regarding the presence of unresectable hepatocellular carcinoma.",
                        "overall_thoughts": "This criterion specifies a condition related to the eligibility of patients with a specific type of cancer that cannot be surgically removed.",
                        "root_term": "hepatocellular carcinoma",
                        "qualifiers": [
                            "unresectable"
                        ],
                        "relation_type": "has",
                        "target": [
                            {
                                "answer": "true",
                                "dependent_criterion": null
                            }
                        ],
                        "additional_information": []
                    },
                    {
                        "raw_text": "Histologically confirmed hepatocellular carcinoma",
                        "category": "atomic_Criterion- where there is only one criterion that can be answered with a simple question",
                        "category_reasoning": "The criterion is straightforward and can be answered with a simple yes or no question regarding the histological confirmation of hepatocellular carcinoma.",
                        "overall_thoughts": "This criterion specifies that the participant must have a histologically confirmed diagnosis of hepatocellular carcinoma, which is a common requirement for trials targeting this cancer type.",
                        "root_term": "hepatocellular carcinoma",
                        "qualifiers": [
                            "histologically confirmed"
                        ],
                        "relation_type": "diagnosis",
                        "target": [
                            {
                                "answer": "yes",
                                "dependent_criterion": null
                            }
                        ],
                        "additional_information": [
                            "Histological confirmation typically involves examining tissue samples under a microscope to confirm the presence of cancer cells."
                        ]
                    },
                    {
                        "raw_text": "Evident disease limited to liver",
                        "category": "atomic_Criterion- where there is only one criterion that can be answered with a simple question",
                        "category_reasoning": "The criterion is a straightforward statement that can be answered with a yes or no, indicating whether the disease is limited to the liver.",
                        "overall_thoughts": "This criterion specifies that the disease should be confined to the liver, which is a common requirement in trials focusing on liver-targeted therapies.",
                        "root_term": "disease",
                        "qualifiers": [
                            "evident",
                            "limited to liver"
                        ],
                        "relation_type": "limited to",
                        "target": [
                            {
                                "answer": "liver",
                                "dependent_criterion": null
                            }
                        ],
                        "additional_information": []
                    }
                ]
            },
            {
                "raw_text": "Tissue from tumor must be available. This may be paraffin embedded tissue from previous biopsy/resection or if it is not available, a repeat biopsy must be performed. The requirement for biopsy may be waived if alpha-fetoprotein is greater than 500 ng/mL and in the investigators opinion not explained by a concurrent hepatic inflammatory process.",
                "category": "hierarchical_criterion- when there is a parent criterion and a child criterion which adds further criteria should the parent be true.",
                "category_reasoning": "The criterion is hierarchical because it starts with a primary requirement (tissue from tumor must be available) and then provides additional conditions under which this requirement can be waived (if alpha-fetoprotein is greater than 500 ng/mL and not explained by a concurrent hepatic inflammatory process).",
                "overall_thoughts": "The criterion is structured to ensure that tumor tissue is available for analysis, but it allows for flexibility in cases where certain biomarker levels are present, indicating a potential diagnosis without the need for a biopsy. This hierarchical structure is common in clinical trials to balance the need for diagnostic material with patient safety and convenience.",
                "logical_operator": "AND",
                "criterions": [
                    {
                        "raw_text": "Tissue from tumor must be available. This may be paraffin embedded tissue from previous biopsy/resection or if it is not available, a repeat biopsy must be performed.",
                        "category": "hierarchical_criterion- when there is a parent criterion and a child criterion which adds further criteria should the parent be true.",
                        "category_reasoning": "The criterion starts with a parent requirement that tissue from the tumor must be available. It then provides additional conditions on how this requirement can be satisfied, either through existing paraffin embedded tissue or a repeat biopsy if the former is not available, making it hierarchical.",
                        "overall_thoughts": "This criterion is structured in a way that sets a primary requirement and then provides alternative methods to fulfill this requirement, which is typical of hierarchical criteria.",
                        "parent_criterion": {
                            "raw_text": "Tissue from tumor must be available.",
                            "category": "atomic_Criterion- where there is only one criterion that can be answered with a simple question",
                            "category_reasoning": "The criterion is straightforward and can be answered with a simple yes or no question regarding the availability of tumor tissue.",
                            "overall_thoughts": "This criterion specifies a requirement for the availability of tumor tissue, which is a common prerequisite for many clinical trials to perform necessary analyses.",
                            "root_term": "tissue",
                            "qualifiers": [
                                "from tumor"
                            ],
                            "relation_type": "must be available",
                            "target": [
                                {
                                    "answer": "available",
                                    "dependent_criterion": null
                                }
                            ],
                            "additional_information": [
                                "This criterion implies that the trial may involve analyses or tests that require tumor tissue."
                            ]
                        },
                        "child_criterion": {
                            "raw_text": "This may be paraffin embedded tissue from previous biopsy/resection or if it is not available, a repeat biopsy must be performed.",
                            "category": "compound_Criterion- when there are two or more criterions which can be seperated into various questions",
                            "category_reasoning": "The criterion involves two separate conditions regarding tissue samples: one involving paraffin embedded tissue from a previous biopsy/resection and another involving a repeat biopsy if the former is not available. These conditions are connected by the logical operator 'OR'.",
                            "overall_thoughts": "The criterion specifies two alternative conditions for tissue sample availability, making it a compound criterion. It is clear and provides a logical choice between using existing tissue or performing a new biopsy.",
                            "logical_operator": "OR",
                            "criterions": [
                                {
                                    "raw_text": "This may be paraffin embedded tissue from previous biopsy/resection.",
                                    "category": "atomic_Criterion- where there is only one criterion that can be answered with a simple question",
                                    "category_reasoning": "The criterion specifies a single condition regarding the type of tissue sample that is acceptable for the trial, which is a straightforward requirement.",
                                    "overall_thoughts": "The criterion specifies that paraffin embedded tissue from a previous biopsy or resection is acceptable, indicating the type of sample that can be used for the trial.",
                                    "root_term": "tissue",
                                    "qualifiers": [
                                        "paraffin embedded",
                                        "from previous biopsy/resection"
                                    ],
                                    "relation_type": "may be",
                                    "target": [
                                        {
                                            "answer": "paraffin embedded tissue from previous biopsy/resection",
                                            "dependent_criterion": null
                                        }
                                    ],
                                    "additional_information": [
                                        "The criterion is about the type of tissue sample that is acceptable for the trial."
                                    ]
                                },
                                {
                                    "raw_text": "If it is not available, a repeat biopsy must be performed.",
                                    "category": "hierarchical_criterion- when there is a parent criterion and a child criterion which adds further criteria should the parent be true.",
                                    "category_reasoning": "The criterion is conditional, with the requirement of a repeat biopsy being dependent on the availability of a previous biopsy.",
                                    "overall_thoughts": "This criterion specifies a conditional requirement for a repeat biopsy based on the availability of a previous biopsy.",
                                    "root_term": "biopsy",
                                    "qualifiers": [
                                        "repeat"
                                    ],
                                    "relation_type": "must be performed",
                                    "target": [
                                        {
                                            "answer": "not available",
                                            "dependent_criterion": null
                                        }
                                    ],
                                    "additional_information": [
                                        "The criterion implies a dependency on the availability of a previous biopsy."
                                    ]
                                }
                            ]
                        },
                        "additional_information": [
                            "The criterion specifies the need for tumor tissue, which is a common requirement for trials involving tumor analysis or biomarker studies.",
                            "The mention of paraffin embedded tissue suggests that the trial may involve retrospective analysis of previously collected samples."
                        ]
                    },
                    {
                        "raw_text": "The requirement for biopsy may be waived if alpha-fetoprotein is greater than 500 ng/mL and in the investigators opinion not explained by a concurrent hepatic inflammatory process.",
                        "category": "compound_Criterion- when there are two or more criterions which can be seperated into various questions",
                        "category_reasoning": "The criterion involves two conditions that need to be satisfied for the biopsy requirement to be waived: 1) alpha-fetoprotein level greater than 500 ng/mL, and 2) the level is not explained by a concurrent hepatic inflammatory process, as per the investigator's opinion. These conditions are connected by an 'AND' logical operator, making it a compound criterion.",
                        "overall_thoughts": "This criterion specifies conditions under which a biopsy requirement can be waived, involving both a measurable lab value and a subjective assessment by the investigator. It is clearly a compound criterion due to the presence of multiple conditions that must be met simultaneously.",
                        "logical_operator": "AND",
                        "criterions": [
                            {
                                "raw_text": "alpha-fetoprotein is greater than 500 ng/mL",
                                "category": "atomic_Criterion- where there is only one criterion that can be answered with a simple question",
                                "category_reasoning": "The criterion is a straightforward statement about a specific biomarker level, which can be directly measured and answered with a yes or no.",
                                "overall_thoughts": "This criterion specifies a threshold level for alpha-fetoprotein, which is a common biomarker used in clinical settings to assess certain conditions, such as liver cancer.",
                                "root_term": "alpha-fetoprotein",
                                "qualifiers": [
                                    "greater than 500 ng/mL"
                                ],
                                "relation_type": "greater than",
                                "target": [
                                    {
                                        "answer": "500 ng/mL",
                                        "dependent_criterion": null
                                    }
                                ],
                                "additional_information": [
                                    "Alpha-fetoprotein is often used as a biomarker in liver cancer diagnosis and monitoring."
                                ]
                            },
                            {
                                "raw_text": "in the investigators opinion not explained by a concurrent hepatic inflammatory process",
                                "category": "atomic_Criterion- where there is only one criterion that can be answered with a simple question",
                                "category_reasoning": "The criterion is a single condition that needs to be evaluated by the investigator's opinion, specifically regarding the exclusion of a hepatic inflammatory process as an explanation.",
                                "overall_thoughts": "This criterion requires the investigator to determine if a condition is not due to a concurrent hepatic inflammatory process, which is a straightforward evaluation.",
                                "root_term": "concurrent hepatic inflammatory process",
                                "qualifiers": [
                                    "not explained by",
                                    "in the investigators opinion"
                                ],
                                "relation_type": "not explained by",
                                "target": [
                                    {
                                        "answer": "false",
                                        "dependent_criterion": null
                                    }
                                ],
                                "additional_information": [
                                    "The criterion relies on the subjective assessment of the investigator."
                                ]
                            }
                        ]
                    }
                ]
            },
            {
                "raw_text": "Patients must agree to have a 20 cc blood sample drawn in addition to routine labs with each cycle of chemotherapy.",
                "category": "atomic_Criterion- where there is only one criterion that can be answered with a simple question",
                "category_reasoning": "The criterion is a straightforward requirement for patients to agree to a specific procedure (blood sample) during their treatment.",
                "overall_thoughts": "This criterion specifies a procedural requirement for participation in the trial, focusing on the patient's consent to an additional blood draw.",
                "root_term": "Patients",
                "qualifiers": [
                    "must agree to have a 20 cc blood sample drawn",
                    "in addition to routine labs",
                    "with each cycle of chemotherapy"
                ],
                "relation_type": "requirement",
                "target": [
                    {
                        "answer": "agree",
                        "dependent_criterion": null
                    }
                ],
                "additional_information": [
                    "The blood sample is 20 cc.",
                    "This is in addition to routine labs.",
                    "The procedure is required with each cycle of chemotherapy."
                ]
            },
            {
                "raw_text": "Patients must have measurable disease. If prior radiation therapy was administered, measurable disease must be outside the radiation field.",
                "category": "hierarchical_criterion- when there is a parent criterion and a child criterion which adds further criteria should the parent be true.",
                "category_reasoning": "The criterion is hierarchical because it starts with a general requirement (having measurable disease) and adds a condition that applies only if a specific situation is true (if prior radiation therapy was administered).",
                "overall_thoughts": "This criterion is structured to ensure that the measurable disease is not confounded by prior treatments, specifically radiation therapy, which could affect the assessment of disease progression or response to treatment.",
                "parent_criterion": {
                    "raw_text": "Patients must have measurable disease.",
                    "category": "atomic_Criterion- where there is only one criterion that can be answered with a simple question",
                    "category_reasoning": "The criterion is straightforward and can be answered with a simple yes or no question regarding the presence of measurable disease.",
                    "overall_thoughts": "This criterion is clear and specifies that patients need to have a measurable disease to be eligible for the trial.",
                    "root_term": "disease",
                    "qualifiers": [
                        "measurable"
                    ],
                    "relation_type": "must have",
                    "target": [
                        {
                            "answer": "measurable disease",
                            "dependent_criterion": null
                        }
                    ],
                    "additional_information": []
                },
                "child_criterion": {
                    "raw_text": "If prior radiation therapy was administered, measurable disease must be outside the radiation field.",
                    "category": "hierarchical_criterion- when there is a parent criterion and a child criterion which adds further criteria should the parent be true.",
                    "category_reasoning": "The criterion is hierarchical because it starts with a condition (prior radiation therapy was administered) and then specifies an additional requirement (measurable disease must be outside the radiation field) that applies if the initial condition is met.",
                    "overall_thoughts": "This criterion is structured to ensure that any measurable disease considered for the trial is not influenced by prior radiation therapy, which could affect the assessment of the disease's response to the trial treatment.",
                    "parent_criterion": {
                        "raw_text": "If prior radiation therapy was administered",
                        "category": "atomic_Criterion- where there is only one criterion that can be answered with a simple question",
                        "category_reasoning": "The criterion is a simple yes/no question regarding the administration of prior radiation therapy.",
                        "overall_thoughts": "This criterion checks for the history of radiation therapy in a patient, which is a common consideration in clinical trials.",
                        "root_term": "radiation therapy",
                        "qualifiers": [
                            "prior",
                            "administered"
                        ],
                        "relation_type": "was",
                        "target": [
                            {
                                "answer": "yes",
                                "dependent_criterion": null
                            }
                        ],
                        "additional_information": []
                    },
                    "child_criterion": {
                        "raw_text": "measurable disease must be outside the radiation field",
                        "category": "atomic_Criterion- where there is only one criterion that can be answered with a simple question",
                        "category_reasoning": "The criterion specifies a single condition that can be verified with a straightforward check: whether the measurable disease is outside the radiation field.",
                        "overall_thoughts": "This criterion is clear and specifies a condition related to the location of measurable disease in relation to the radiation field.",
                        "root_term": "measurable disease",
                        "qualifiers": [],
                        "relation_type": "must be outside",
                        "target": [
                            {
                                "answer": "radiation field",
                                "dependent_criterion": null
                            }
                        ],
                        "additional_information": []
                    },
                    "additional_information": [
                        "This criterion is likely designed to ensure that the effects of the trial treatment can be accurately assessed without interference from previous treatments."
                    ]
                },
                "additional_information": [
                    "Measurable disease is a common requirement in clinical trials to assess treatment efficacy.",
                    "The condition regarding prior radiation therapy ensures that the disease being measured is not within an area that has been previously treated, which could affect its response to new treatments."
                ]
            },
            {
                "raw_text": "Patients must have a Zubrod performance status of 0-2.",
                "category": "atomic_Criterion- where there is only one criterion that can be answered with a simple question",
                "category_reasoning": "The criterion specifies a single condition regarding the patient's performance status, which can be answered with a simple question about the patient's Zubrod performance status.",
                "overall_thoughts": "This criterion is straightforward, specifying that eligible patients must have a Zubrod performance status within a certain range, indicating their level of functioning.",
                "root_term": "Zubrod performance status",
                "qualifiers": [],
                "relation_type": "range",
                "target": [
                    {
                        "answer": "0-2",
                        "dependent_criterion": null
                    }
                ],
                "additional_information": [
                    "The Zubrod performance status is a scale used to assess a patient's level of functioning and ability to perform daily activities."
                ]
            },
            {
                "raw_text": "Patients must have a predicted life expectancy of at least 12 weeks.",
                "category": "atomic_Criterion- where there is only one criterion that can be answered with a simple question",
                "category_reasoning": "The criterion is straightforward and can be answered with a simple yes or no question regarding the patient's life expectancy.",
                "overall_thoughts": "This criterion sets a minimum threshold for life expectancy, which is common in clinical trials to ensure participants can complete the study.",
                "root_term": "life expectancy",
                "qualifiers": [
                    "predicted",
                    "at least 12 weeks"
                ],
                "relation_type": "minimum threshold",
                "target": [
                    {
                        "answer": "at least 12 weeks",
                        "dependent_criterion": null
                    }
                ],
                "additional_information": []
            },
            {
                "raw_text": "Patients must have a pre-treatment granulocyte count (i.e., segmented neutrophils + bands) of greater than or equal to 1,500/mm3, a hemoglobin level of greater than or equal to 9 gm/dl, and platelet count greater than or equal to 50,000/mm3. The granulocyte requirement may be waived if in the investigator's opinion the lower count reflects hypersplenism with adequate bone marrow reserves.",
                "category": "hierarchical_criterion- when there is a parent criterion and a child criterion which adds further criteria should the parent be true.",
                "category_reasoning": "The criterion is hierarchical because it has a main set of requirements (granulocyte count, hemoglobin level, and platelet count) and a conditional modification (waiver of the granulocyte requirement) based on the investigator's opinion regarding hypersplenism and bone marrow reserves.",
                "overall_thoughts": "This criterion sets specific hematological thresholds for patient eligibility but allows for flexibility in the granulocyte count requirement under certain clinical judgments, indicating a hierarchical structure.",
                "parent_criterion": {
                    "raw_text": "Patients must have a pre-treatment granulocyte count (i.e., segmented neutrophils + bands) of greater than or equal to 1,500/mm3, a hemoglobin level of greater than or equal to 9 gm/dl, and platelet count greater than or equal to 50,000/mm3.",
                    "category": "compound_Criterion- when there are two or more criterions which can be seperated into various questions",
                    "category_reasoning": "The criterion specifies three separate laboratory values that must be met: granulocyte count, hemoglobin level, and platelet count. Each of these can be considered an individual criterion, and they are combined using the logical operator 'AND'.",
                    "overall_thoughts": "This criterion is a clear example of a compound criterion as it involves multiple laboratory thresholds that must all be met for eligibility. Each component is a distinct measurable parameter.",
                    "logical_operator": "AND",
                    "criterions": [
                        {
                            "raw_text": "pre-treatment granulocyte count (i.e., segmented neutrophils + bands) of greater than or equal to 1,500/mm3",
                            "category": "atomic_Criterion- where there is only one criterion that can be answered with a simple question",
                            "category_reasoning": "The criterion specifies a single measurable laboratory value that can be directly assessed to determine eligibility.",
                            "overall_thoughts": "This criterion is straightforward as it specifies a minimum granulocyte count required for eligibility, which is a common laboratory parameter in clinical trials.",
                            "root_term": "granulocyte count",
                            "qualifiers": [
                                "pre-treatment",
                                "segmented neutrophils + bands"
                            ],
                            "relation_type": "greater than or equal to",
                            "target": [
                                {
                                    "answer": "1,500/mm3",
                                    "dependent_criterion": null
                                }
                            ],
                            "additional_information": [
                                "This criterion is used to ensure that participants have an adequate immune function before starting treatment."
                            ]
                        },
                        {
                            "raw_text": "hemoglobin level of greater than or equal to 9 gm/dl",
                            "category": "atomic_Criterion- where there is only one criterion that can be answered with a simple question",
                            "category_reasoning": "The criterion specifies a single measurable condition regarding hemoglobin levels that can be answered with a simple yes or no.",
                            "overall_thoughts": "This criterion is straightforward and specifies a minimum hemoglobin level required for eligibility.",
                            "root_term": "hemoglobin level",
                            "qualifiers": [
                                "greater than or equal to 9 gm/dl"
                            ],
                            "relation_type": "measurement",
                            "target": [
                                {
                                    "answer": "greater than or equal to 9 gm/dl",
                                    "dependent_criterion": null
                                }
                            ],
                            "additional_information": []
                        },
                        {
                            "raw_text": "platelet count greater than or equal to 50,000/mm3",
                            "category": "atomic_Criterion- where there is only one criterion that can be answered with a simple question",
                            "category_reasoning": "The criterion is a straightforward statement about a specific laboratory value that can be answered with a simple yes or no.",
                            "overall_thoughts": "This criterion specifies a minimum platelet count required for eligibility, which is a common laboratory parameter in clinical trials.",
                            "root_term": "platelet count",
                            "qualifiers": [
                                "greater than or equal to 50,000/mm3"
                            ],
                            "relation_type": "greater than or equal to",
                            "target": [
                                {
                                    "answer": "50,000/mm3",
                                    "dependent_criterion": null
                                }
                            ],
                            "additional_information": [
                                "This is a common threshold for platelet count in clinical trials to ensure patient safety."
                            ]
                        }
                    ]
                },
                "child_criterion": {
                    "raw_text": "The granulocyte requirement may be waived if in the investigator's opinion the lower count reflects hypersplenism with adequate bone marrow reserves.",
                    "category": "hierarchical_criterion- when there is a parent criterion and a child criterion which adds further criteria should the parent be true.",
                    "category_reasoning": "The criterion is hierarchical because it starts with a condition (the granulocyte requirement may be waived) and provides a specific scenario under which this condition applies (if the lower count reflects hypersplenism with adequate bone marrow reserves).",
                    "overall_thoughts": "This criterion allows for an exception to the granulocyte requirement based on the investigator's assessment of the patient's condition, specifically hypersplenism with adequate bone marrow reserves. It is structured as a hierarchical criterion because it involves a primary condition and a specific scenario that must be met for the condition to be waived.",
                    "logical_operator": "AND",
                    "criterions": [
                        {
                            "raw_text": "The granulocyte requirement may be waived.",
                            "category": "hierarchical_criterion- when there is a parent criterion and a child criterion which adds further criteria should the parent be true.",
                            "category_reasoning": "The criterion suggests a condition (granulocyte requirement) that can be waived, implying a hierarchical structure where the waiver is contingent upon certain conditions being met.",
                            "overall_thoughts": "This criterion indicates flexibility in the eligibility requirements, allowing for exceptions under certain circumstances. It is important to identify what conditions allow for the waiver.",
                            "parent_criterion": {
                                "raw_text": "Granulocyte requirement",
                                "category": "atomic_Criterion- where there is only one criterion that can be answered with a simple question",
                                "category_reasoning": "The criterion is a simple statement that can be answered with a yes or no regarding the presence of a granulocyte requirement.",
                                "overall_thoughts": "This criterion specifies a requirement related to granulocytes, which are a type of white blood cell. It is straightforward and does not contain any sub-criteria or compound elements.",
                                "root_term": "Granulocyte",
                                "qualifiers": [
                                    "requirement"
                                ],
                                "relation_type": "requirement",
                                "target": [
                                    {
                                        "answer": "Yes",
                                        "dependent_criterion": null
                                    }
                                ],
                                "additional_information": []
                            },
                            "child_criterion": null,
                            "additional_information": [
                                "The criterion implies that there are specific conditions under which the granulocyte requirement can be waived, but these conditions are not specified in the text."
                            ]
                        },
                        {
                            "raw_text": "In the investigator's opinion, the lower count reflects hypersplenism with adequate bone marrow reserves.",
                            "category": "atomic_Criterion- where there is only one criterion that can be answered with a simple question",
                            "category_reasoning": "The criterion is a single statement that can be evaluated based on the investigator's opinion regarding the cause of the lower count, specifically linking it to hypersplenism and bone marrow reserves.",
                            "overall_thoughts": "This criterion is subjective as it relies on the investigator's opinion to determine if the lower count is due to hypersplenism with adequate bone marrow reserves.",
                            "root_term": "lower count",
                            "qualifiers": [
                                "In the investigator's opinion",
                                "reflects hypersplenism",
                                "adequate bone marrow reserves"
                            ],
                            "relation_type": "reflects",
                            "target": [
                                {
                                    "answer": "hypersplenism with adequate bone marrow reserves",
                                    "dependent_criterion": null
                                }
                            ],
                            "additional_information": []
                        }
                    ]
                },
                "additional_information": [
                    "The criterion involves specific blood count thresholds for granulocytes, hemoglobin, and platelets.",
                    "There is a conditional waiver for the granulocyte count based on clinical judgment of hypersplenism and bone marrow reserves."
                ]
            },
            {
                "raw_text": "Patients must have adequate renal function as documented by a calculated creatinine clearance ≥ 60.",
                "category": "atomic_Criterion- where there is only one criterion that can be answered with a simple question",
                "category_reasoning": "The criterion specifies a single requirement regarding renal function, which can be assessed with a specific test (creatinine clearance).",
                "overall_thoughts": "This criterion is straightforward, specifying a minimum creatinine clearance level to ensure adequate renal function.",
                "root_term": "renal function",
                "qualifiers": [
                    "adequate",
                    "as documented by a calculated creatinine clearance"
                ],
                "relation_type": "must have",
                "target": [
                    {
                        "answer": "≥ 60",
                        "dependent_criterion": null
                    }
                ],
                "additional_information": [
                    "Creatinine clearance is a measure used to assess kidney function."
                ]
            },
            {
                "raw_text": "Patients must have adequate hepatic function as documented by a serum bilirubin less than or equal to 2x the institutional upper limit of normal, regardless of whether patients have liver involvement secondary to tumor. Patients may not have ascites or the ascites must be responsive to diuretics.",
                "category": "compound_Criterion- when there are two or more criterions which can be seperated into various questions",
                "category_reasoning": "The criterion consists of two separate conditions: one related to hepatic function and serum bilirubin levels, and another related to the presence or management of ascites. These are distinct criteria that can be evaluated independently, thus forming a compound criterion.",
                "overall_thoughts": "The criterion is well-structured, specifying two separate conditions that need to be met for eligibility. The first condition is about hepatic function, specifically serum bilirubin levels, and the second condition is about the presence or management of ascites. The use of 'regardless' and 'or' indicates that these are separate criteria that can be evaluated independently.",
                "logical_operator": "AND",
                "criterions": [
                    {
                        "raw_text": "Patients must have adequate hepatic function as documented by a serum bilirubin less than or equal to 2x the institutional upper limit of normal, regardless of whether patients have liver involvement secondary to tumor.",
                        "category": "atomic_Criterion- where there is only one criterion that can be answered with a simple question",
                        "category_reasoning": "The criterion specifies a single measurable condition regarding hepatic function, specifically serum bilirubin levels, which can be directly assessed.",
                        "overall_thoughts": "This criterion is straightforward as it specifies a clear threshold for serum bilirubin levels to determine adequate hepatic function, independent of liver involvement due to tumor.",
                        "root_term": "hepatic function",
                        "qualifiers": [
                            "adequate",
                            "as documented by a serum bilirubin less than or equal to 2x the institutional upper limit of normal"
                        ],
                        "relation_type": "must have",
                        "target": [
                            {
                                "answer": "adequate hepatic function",
                                "dependent_criterion": null
                            }
                        ],
                        "additional_information": [
                            "regardless of whether patients have liver involvement secondary to tumor"
                        ]
                    },
                    {
                        "raw_text": "Patients may not have ascites or the ascites must be responsive to diuretics.",
                        "category": "compound_Criterion- when there are two or more criterions which can be seperated into various questions",
                        "category_reasoning": "The criterion presents two separate conditions: either the patient does not have ascites, or if they do, the ascites must be responsive to diuretics. These are two distinct conditions connected by an OR logical operator, making it a compound criterion.",
                        "overall_thoughts": "This criterion is well-structured as it provides two clear conditions for eligibility regarding ascites, allowing for flexibility in patient inclusion based on their response to diuretics.",
                        "logical_operator": "OR",
                        "criterions": [
                            {
                                "raw_text": "Patients may not have ascites.",
                                "category": "atomic_Criterion- where there is only one criterion that can be answered with a simple question",
                                "category_reasoning": "The criterion is straightforward and can be answered with a simple yes or no regarding the presence of ascites.",
                                "overall_thoughts": "This criterion specifies that patients with ascites are not eligible for the trial.",
                                "root_term": "ascites",
                                "qualifiers": [],
                                "relation_type": "absence",
                                "target": [
                                    {
                                        "answer": "no",
                                        "dependent_criterion": null
                                    }
                                ],
                                "additional_information": []
                            },
                            {
                                "raw_text": "The ascites must be responsive to diuretics.",
                                "category": "atomic_Criterion- where there is only one criterion that can be answered with a simple question",
                                "category_reasoning": "The criterion is straightforward and can be answered with a simple yes or no question regarding the responsiveness of ascites to diuretics.",
                                "overall_thoughts": "This criterion specifies a condition related to the treatment response of ascites, which is a common condition in patients with liver disease or cancer.",
                                "root_term": "ascites",
                                "qualifiers": [],
                                "relation_type": "responsive to",
                                "target": [
                                    {
                                        "answer": "diuretics",
                                        "dependent_criterion": null
                                    }
                                ],
                                "additional_information": []
                            }
                        ]
                    }
                ]
            },
            {
                "raw_text": "Patients who have received prior chemotherapy for unresectable disease",
                "category": "atomic_Criterion- where there is only one criterion that can be answered with a simple question",
                "category_reasoning": "The criterion is straightforward and can be answered with a yes or no question regarding the patient's treatment history.",
                "overall_thoughts": "This criterion is clear and specifies a treatment history requirement for eligibility.",
                "root_term": "Patients",
                "qualifiers": [
                    "who have received prior chemotherapy for unresectable disease"
                ],
                "relation_type": "treatment history",
                "target": [
                    {
                        "answer": "yes",
                        "dependent_criterion": null
                    }
                ],
                "additional_information": [
                    "The criterion specifies a history of chemotherapy treatment for a specific condition, unresectable disease."
                ]
            },
            {
                "raw_text": "Patients with any active or uncontrolled infection, including known HIV infection. (Patients with active hepatitis B will be placed on lamivudine. Patients with active hepatitis C will be eligible if liver tests qualify (5.1.9)",
                "category": "hierarchical_criterion- when there is a parent criterion and a child criterion which adds further criteria should the parent be true.",
                "category_reasoning": "The criterion starts with a general condition about active or uncontrolled infections, which serves as the parent criterion. It then specifies additional conditions for patients with active hepatitis B and C, which act as child criteria modifying the eligibility based on specific infections.",
                "overall_thoughts": "This criterion is structured to first exclude patients with any active or uncontrolled infection, but then provides specific conditions under which patients with hepatitis B or C might still be eligible, indicating a hierarchical structure.",
                "parent_criterion": {
                    "raw_text": "Patients with any active or uncontrolled infection, including known HIV infection.",
                    "category": "compound_Criterion- when there are two or more criterions which can be seperated into various questions",
                    "category_reasoning": "The criterion mentions two separate conditions: having any active or uncontrolled infection and having a known HIV infection. These can be considered as separate criteria that are joined by an implicit logical operator.",
                    "overall_thoughts": "The criterion is compound because it involves two separate conditions related to infections that a patient must meet to be eligible. The logical operator is likely 'OR' because having either condition would make a patient ineligible.",
                    "logical_operator": "OR",
                    "criterions": [
                        {
                            "raw_text": "Patients with any active or uncontrolled infection",
                            "category": "atomic_Criterion- where there is only one criterion that can be answered with a simple question",
                            "category_reasoning": "The criterion is straightforward and can be answered with a simple yes or no regarding the presence of an active or uncontrolled infection.",
                            "overall_thoughts": "This criterion is clear and specifies that patients should not have any active or uncontrolled infections to be eligible.",
                            "root_term": "Patients",
                            "qualifiers": [
                                "with any active or uncontrolled infection"
                            ],
                            "relation_type": "exclusion",
                            "target": [
                                {
                                    "answer": "No",
                                    "dependent_criterion": null
                                }
                            ],
                            "additional_information": []
                        },
                        {
                            "raw_text": "Patients with known HIV infection",
                            "category": "atomic_Criterion- where there is only one criterion that can be answered with a simple question",
                            "category_reasoning": "The criterion is straightforward and can be answered with a simple yes or no regarding the patient's HIV status.",
                            "overall_thoughts": "This criterion is clear and specific, focusing on the HIV status of the patient.",
                            "root_term": "HIV infection",
                            "qualifiers": [
                                "known"
                            ],
                            "relation_type": "with",
                            "target": [
                                {
                                    "answer": "Yes",
                                    "dependent_criterion": null
                                }
                            ],
                            "additional_information": [
                                "This criterion is likely used to exclude patients with HIV due to potential complications or interactions with the trial treatment."
                            ]
                        }
                    ]
                },
                "child_criterion": {
                    "raw_text": "Patients with active hepatitis B will be placed on lamivudine. Patients with active hepatitis C will be eligible if liver tests qualify (5.1.9)",
                    "category": "compound_Criterion- when there are two or more criterions which can be seperated into various questions",
                    "category_reasoning": "The criterion contains two separate conditions: one for patients with active hepatitis B and another for patients with active hepatitis C. These conditions can be separated into distinct questions, making it a compound criterion.",
                    "overall_thoughts": "The criterion addresses two different patient conditions related to hepatitis B and C, each with its own specific requirement. This separation into two distinct conditions justifies the classification as a compound criterion.",
                    "logical_operator": "AND",
                    "criterions": [
                        {
                            "raw_text": "Patients with active hepatitis B will be placed on lamivudine.",
                            "category": "atomic_Criterion- where there is only one criterion that can be answered with a simple question",
                            "category_reasoning": "The criterion specifies a single condition (active hepatitis B) and a corresponding action (placement on lamivudine), which can be addressed with a straightforward question about the patient's condition.",
                            "overall_thoughts": "This criterion is clear and specifies a treatment plan for patients with a specific condition, making it an atomic criterion.",
                            "root_term": "Patients",
                            "qualifiers": [
                                "with active hepatitis B"
                            ],
                            "relation_type": "will be placed on",
                            "target": [
                                {
                                    "answer": "lamivudine",
                                    "dependent_criterion": null
                                }
                            ],
                            "additional_information": []
                        },
                        {
                            "raw_text": "Patients with active hepatitis C will be eligible if liver tests qualify (5.1.9)",
                            "category": "hierarchical_criterion- when there is a parent criterion and a child criterion which adds further criteria should the parent be true.",
                            "category_reasoning": "The criterion is hierarchical because it has a parent condition (patients with active hepatitis C) and a child condition (liver tests qualify) that must be met for eligibility.",
                            "overall_thoughts": "This criterion specifies that patients with active hepatitis C can only be eligible if an additional condition regarding liver tests is met, indicating a hierarchical relationship between the conditions.",
                            "logical_operator": "AND",
                            "criterions": [
                                {
                                    "raw_text": "Patients with active hepatitis C",
                                    "category": "atomic_Criterion- where there is only one criterion that can be answered with a simple question",
                                    "category_reasoning": "The criterion is straightforward and can be answered with a simple yes or no regarding the presence of active hepatitis C.",
                                    "overall_thoughts": "This criterion is clear and specifies a condition that can be easily verified through medical testing.",
                                    "root_term": "Patients",
                                    "qualifiers": [
                                        "with active hepatitis C"
                                    ],
                                    "relation_type": "has",
                                    "target": [
                                        {
                                            "answer": "active hepatitis C",
                                            "dependent_criterion": null
                                        }
                                    ],
                                    "additional_information": []
                                },
                                {
                                    "raw_text": "liver tests qualify (5.1.9)",
                                    "category": "atomic_Criterion- where there is only one criterion that can be answered with a simple question",
                                    "category_reasoning": "The criterion is a simple statement that can be answered with a yes or no regarding whether liver tests qualify.",
                                    "overall_thoughts": "The criterion is straightforward, indicating that liver tests must meet certain qualifications, possibly detailed in section 5.1.9 of a document.",
                                    "root_term": "liver tests",
                                    "qualifiers": [
                                        "qualify (5.1.9)"
                                    ],
                                    "relation_type": "qualify",
                                    "target": [
                                        {
                                            "answer": "qualify",
                                            "dependent_criterion": null
                                        }
                                    ],
                                    "additional_information": [
                                        "Reference to section 5.1.9 suggests specific criteria or thresholds for qualification."
                                    ]
                                }
                            ]
                        }
                    ]
                },
                "additional_information": [
                    "The criterion specifies management for hepatitis B with lamivudine.",
                    "Eligibility for hepatitis C is contingent upon liver test results, as referenced by section 5.1.9."
                ]
            },
            {
                "raw_text": "Patients with psychiatric disorders that would interfere with consent or follow-up. Pregnant or lactating women. Men and women of reproductive potential may not participate unless they have agreed to use an effective contraceptive method.",
                "category": "compound_Criterion- when there are two or more criterions which can be seperated into various questions",
                "category_reasoning": "The criterion consists of multiple distinct conditions that need to be met for eligibility, including psychiatric disorders, pregnancy or lactation status, and reproductive potential with contraceptive use agreement.",
                "overall_thoughts": "The criterion is clearly a compound criterion as it lists multiple separate conditions that must be considered for eligibility. Each condition addresses a different aspect of patient eligibility, such as mental health, pregnancy status, and reproductive potential with contraceptive use.",
                "logical_operator": "AND",
                "criterions": [
                    {
                        "raw_text": "Patients with psychiatric disorders that would interfere with consent or follow-up.",
                        "category": "atomic_Criterion- where there is only one criterion that can be answered with a simple question",
                        "category_reasoning": "The criterion specifies a single condition related to psychiatric disorders affecting consent or follow-up, which can be addressed with a yes/no question.",
                        "overall_thoughts": "This criterion is straightforward, focusing on the presence of psychiatric disorders that could impact the patient's ability to consent or adhere to follow-up procedures.",
                        "root_term": "Patients",
                        "qualifiers": [
                            "with psychiatric disorders"
                        ],
                        "relation_type": "interfere with",
                        "target": [
                            {
                                "answer": "consent or follow-up",
                                "dependent_criterion": null
                            }
                        ],
                        "additional_information": []
                    },
                    {
                        "raw_text": "Pregnant or lactating women.",
                        "category": "compound_Criterion- when there are two or more criterions which can be seperated into various questions",
                        "category_reasoning": "The criterion involves two separate conditions: being pregnant and being lactating, which can be considered independently.",
                        "overall_thoughts": "The criterion specifies two distinct conditions related to women, which are being pregnant and being lactating. Each condition can be evaluated separately, making it a compound criterion.",
                        "root_term": "women",
                        "qualifiers": [
                            "pregnant",
                            "lactating"
                        ],
                        "relation_type": "state",
                        "target": [
                            {
                                "answer": "true",
                                "dependent_criterion": null
                            }
                        ],
                        "additional_information": []
                    },
                    {
                        "raw_text": "Men and women of reproductive potential may not participate unless they have agreed to use an effective contraceptive method.",
                        "category": "hierarchical_criterion- when there is a parent criterion and a child criterion which adds further criteria should the parent be true.",
                        "category_reasoning": "The criterion specifies a condition (being of reproductive potential) and adds a further requirement (use of contraceptive method) if the condition is met.",
                        "overall_thoughts": "This criterion is about ensuring that participants of reproductive potential use contraception to prevent pregnancy during the trial.",
                        "root_term": "Men and women of reproductive potential",
                        "qualifiers": [],
                        "relation_type": "may not participate unless",
                        "target": [
                            {
                                "answer": "they have agreed to use an effective contraceptive method",
                                "dependent_criterion": null
                            }
                        ],
                        "additional_information": []
                    }
                ]
            },
            {
                "raw_text": "Patients with any other severe concurrent disease, which in the judgment of the investigator, would make the patient inappropriate for entry into this study.",
                "category": "hierarchical_criterion- when there is a parent criterion and a child criterion which adds further criteria should the parent be true.",
                "category_reasoning": "The criterion is hierarchical because it consists of a parent criterion about having a severe concurrent disease, and a child criterion that adds further specification that the disease must be judged by the investigator to make the patient inappropriate for the study.",
                "overall_thoughts": "This criterion is designed to exclude patients who have other severe diseases that could interfere with the study, but it leaves the final decision to the investigator's judgment, adding a subjective layer to the criterion.",
                "parent_criterion": {
                    "raw_text": "Patients with any other severe concurrent disease",
                    "category": "atomic_Criterion- where there is only one criterion that can be answered with a simple question",
                    "category_reasoning": "The criterion is a single condition that can be answered with a yes or no regarding the presence of any other severe concurrent disease.",
                    "overall_thoughts": "This criterion is straightforward, asking whether the patient has any other severe concurrent disease, which could impact their eligibility for the trial.",
                    "root_term": "disease",
                    "qualifiers": [
                        "any other",
                        "severe",
                        "concurrent"
                    ],
                    "relation_type": "presence",
                    "target": [
                        {
                            "answer": "has",
                            "dependent_criterion": null
                        }
                    ],
                    "additional_information": [
                        "The criterion implies exclusion if the patient has any severe concurrent disease."
                    ]
                },
                "child_criterion": {
                    "raw_text": "which in the judgment of the investigator, would make the patient inappropriate for entry into this study",
                    "category": "atomic_Criterion- where there is only one criterion that can be answered with a simple question",
                    "category_reasoning": "The criterion is based on a single judgment call by the investigator, making it an atomic criterion.",
                    "overall_thoughts": "This criterion allows the investigator to use their discretion to determine if a patient is suitable for the study, which is a common practice in clinical trials to ensure patient safety and study integrity.",
                    "root_term": "patient",
                    "qualifiers": [
                        "inappropriate for entry into this study"
                    ],
                    "relation_type": "judgment of the investigator",
                    "target": [
                        {
                            "answer": "inappropriate for entry into this study",
                            "dependent_criterion": null
                        }
                    ],
                    "additional_information": [
                        "This criterion relies on the subjective judgment of the investigator, which can vary between different investigators."
                    ]
                },
                "additional_information": [
                    "The criterion allows for investigator discretion, which can introduce variability in patient selection."
                ]
            }
        ]
    }
}