{
    "raw_data": {
        "nct_id": "NCT00094861",
        "official_title": "A Phase 2 Study to Evaluate the Efficacy and Safety of Palifermin (Recombinant Human Keratinocyte Growth Factor) in the Reduction of Dysphagia in Patients Receiving Concurrent Chemoradiotherapy Followed by Consolidation Chemotherapy for Locally Advanced Non-Small Cell Lung Cancer (NSCLC)",
        "criteria": {
            "raw_text": "Inclusion Criteria:\n\n* Patients with a histologically or cytologically proven diagnosis of NSCLC\n* Unresectable (locally advanced) stage IIIa or IIIb disease\n* Initial radiotherapy field of treatment to encompass greater than or equal to 30% of the esophagus\n* Life expectancy greater than or equal to 6 months\n* Estimated weight loss less than or equal to 10% in the 3 months before study randomization\n* Measurable disease\n* 18 years of age or older\n* Eastern Cooperative Oncology Group (ECOG) performance status of 0 - 2\n* Hemoglobin (hgb) greater than or equal to 10 g/dL without transfusional support or growth factor use in the 4 weeks before study randomization\n* Absolute neutrophil count (ANC) greater than or equal to 1.5 x 10\\^9/L without growth factor use in the 2 weeks before study randomization\n* Platelet count greater than or equal to 100 x 10\\^9/L\n* Serum bilirubin less than or equal to 1.5 x institutional upper limit of normal (ULN)\n* Serum creatinine less than or equal to 2.0 mg/dL (Note: Patients with a serum creatinine greater than or equal to 1.4 and less than or equal to 2.0 mg/dL must demonstrate a 24-hour urinary creatinine clearance greater than or equal to 50 mL/min)\n* Females of childbearing potential: negative serum or urine pregnancy test\n* Patient must give written informed consent before participating in any study-specific procedure, randomization, or receiving investigational product.\n* Patients with reproductive capability must agree to practice adequate contraception methods.\n\nExclusion Criteria:\n\n* Metastatic disease (M1)/stage 4 NSCLC\n* Pleural or pericardial effusion greater than 100 ml in volume as documented by appropriate imaging (positron emission tomography \\[PET\\], computed tomography \\[CT\\] scan or ultrasound). If an effusion greater than 100 ml is documented by cytology to be free from malignancy and the investigator feels the patient is capable of receiving chemo/radiotherapy for their primary disease/ NSCLC, the investigator should discuss the patient with the study physician at Amgen. Effusions smaller than 100 ml would be acceptable, unless the investigator suspects that the effusion is malignant, in which case the effusions should be evaluated by cytology. Sponsor approval must be obtained before patient is randomized.\n* Plan to remove the tumor surgically before completing the protocol chemo/radiotherapy course\n* Shielding of any part of the esophagus during radiotherapy (including posterior spinal cord shielding)\n* Prior chemotherapy, radiotherapy, or surgery for NSCLC\n* Prior invasive malignancy during the past 3 years other than non-melanomatous skin cancer. Note: Patients with prior surgically-cured malignancies \\[eg, stage I breast cancer or prostate cancer, in-situ carcinoma of the cervix, etc\\] are not excluded; however, sponsor approval must be obtained before patient is randomized.\n* Presence or history of dysphagia or conditions predisposing to dysphagia (eg, uncontrolled gastroesophageal reflux disease \\[GERD\\], dyspepsia, etc)\n* History of pancreatitis\n* Four weeks or less since completion of treatment using an investigational product/device in another clinical study or presence of any unresolved toxicity from previous treatment\n* Previous treatment on this study or with a fibroblast growth factor\n* Known to be sero-positive for human immunodeficiency virus (HIV), hepatitis C virus (HCV), or hepatitis B virus (HBV)\n* Pregnant or breastfeeding women\n* Known sensitivity to E. coli derived products\n* Compromised ability of the patient to give written informed consent and/or to comply with study procedures\n* Refusal to sign an informed consent form to participate in this study, and sign the hospital information release form, if applicable\n* Unwilling or unable to complete the patient reported outcome (PRO) questionnaires\n* Psychological, social, familial, or geographical reasons that would prevent regular follow-up"
        }
    },
    "structurized": {
        "raw_text": "Patients with a histologically or cytologically proven diagnosis of NSCLC",
        "category": "atomic_Criterion- where there is only one criterion that can be answered with a simple question",
        "category_reasoning": "The criterion is a straightforward requirement for a specific diagnosis, which can be confirmed through histological or cytological methods.",
        "overall_thoughts": "This criterion ensures that only patients with a confirmed diagnosis of NSCLC are included in the study, which is essential for the study's focus on this specific cancer type.",
        "root_term": "diagnosis",
        "qualifiers": [
            "histologically or cytologically proven",
            "NSCLC"
        ],
        "relation_type": "has",
        "target": [
            {
                "answer": "NSCLC",
                "dependent_criterion": null
            }
        ],
        "additional_information": [
            "NSCLC stands for non-small cell lung cancer."
        ]
    }
}