{
    "raw_data": {
        "nct_id": "NCT00502567",
        "official_title": "A Phase 1, Open Label Study to Assess the Safety, Tolerability and Pharmacokinetics of AZD2171 and Selected Chemotherapy Regimens When Given in Combination to Patients With Advanced Solid Tumors",
        "criteria": {
            "raw_text": "Inclusion Criteria:\n\n* histologically confirmed metastatic cancer that is not amenable to surgery or radiation therapy with curative intent\n* measurable lesion by CT or other techniques according to RECIST\n\nExclusion Criteria:\n\n* Inadequate bone marrow reserve\n* history of poorly controlled hypertension"
        }
    },
    "structurized": {
        "raw_text": "histologically confirmed metastatic cancer that is not amenable to surgery or radiation therapy with curative intent",
        "category": "atomic_Criterion- where there is only one criterion that can be answered with a simple question",
        "category_reasoning": "The criterion specifies a single condition regarding the type and treatment options of cancer, which can be answered with a yes or no.",
        "overall_thoughts": "This criterion is straightforward, specifying the type of cancer and its treatment limitations.",
        "root_term": "metastatic cancer",
        "qualifiers": [
            "histologically confirmed",
            "not amenable to surgery or radiation therapy with curative intent"
        ],
        "relation_type": "has",
        "target": [
            {
                "answer": "true",
                "dependent_criterion": null
            }
        ],
        "additional_information": [
            "The criterion specifies that the cancer must be confirmed through histology and not treatable with curative surgery or radiation."
        ]
    }
}