{
    "raw_data": {
        "nct_id": "NCT00050349",
        "official_title": "EPO906 Therapy in Patients With Metastatic Carcinoid Tumors and Other Neuroendocrine Tumors",
        "criteria": {
            "raw_text": "Inclusion Criteria:\n\n* Patients with biopsy-proven metastatic carcinoid tumors or other neuroendocrine tumors (Islet cell, Gastrinomas and VIPomas) with at least one measurable lesion (other than bone) that has either not been previously irradiated or if previously irradiated has demonstrated progression since the radiation therapy\n* The patient has no major impairment of renal or hepatic function, as defined by the following laboratory parameters: total bilirubin \\<1.5 X ULN; AST, ALT\\<2.5X ULN (\\<5 X ULN if liver metastases are present)\n* Patients on Sandostatin Lar (long acting somatostatin analogue) must be on a stable dose for 30 days prior to study entry and short acting somatostatin analogues must be judged to be on a clinically stable dose by the investigator prior to study entry\n* Must have a life expectancy of greater than three (3) months\n* Karnofsky Performance Status \\> 60\n* Female patients must have a negative serum pregnancy test at screening. (Not applicable to patients with bilateral oophorectomy and/or hysterectomy or to those patients who are postmenopausal.)\n\nExclusion Criteria:\n\n* Patients with symptomatic CNS metastases or leptomeningeal involvement\n* Patients with known brain metastases, unless these metastases have been treated and/or have been stable for at least six months prior to study start. Subjects with a history of brain metastases must have a head CT with contrast to document either response or progression.\n* Patients with bone metastases as the only site(s) of measurable disease\n* Patients with hepatic artery chemoembolization within the last 6 months (one month if there are other sites of measurable disease)\n* Patients who have been previously treated with radioactive directed therapies\n* Patients who have been previously treated with epothilone\n* Patients with any peripheral neuropathy or unresolved diarrhea greater than Grade 1\n* Patients with severe cardiac insufficiency patients taking Coumadin or other warfarin-containing agents with the exception of low dose warfarin (1 mg or less) for the maintenance of in-dwelling lines or ports\n* Patients taking any experimental therapies history of another malignancy within 5 years prior to study entry except curatively treated non-melanoma skin cancer, prostate cancer, or cervical cancer in situ\n* Patients with active or suspected acute or chronic uncontrolled infection including abcesses or fistulae\n* Patients with a medical or psychiatric illness that would preclude study or informed consent and/or history of noncompliance to medical regimens or inability or unwillingness to return for all scheduled visits\n* HIV+ patients\n* Pregnant or lactating females."
        }
    },
    "structurized": {
        "raw_text": "Inclusion Criteria:\n\n* Patients with biopsy-proven metastatic carcinoid tumors or other neuroendocrine tumors (Islet cell, Gastrinomas and VIPomas) with at least one measurable lesion (other than bone) that has either not been previously irradiated or if previously irradiated has demonstrated progression since the radiation therapy\n* The patient has no major impairment of renal or hepatic function, as defined by the following laboratory parameters: total bilirubin <1.5 X ULN; AST, ALT<2.5X ULN (<5 X ULN if liver metastases are present)\n* Patients on Sandostatin Lar (long acting somatostatin analogue) must be on a stable dose for 30 days prior to study entry and short acting somatostatin analogues must be judged to be on a clinically stable dose by the investigator prior to study entry\n* Must have a life expectancy of greater than three (3) months\n* Karnofsky Performance Status > 60\n* Female patients must have a negative serum pregnancy test at screening. (Not applicable to patients with bilateral oophorectomy and/or hysterectomy or to those patients who are postmenopausal.)\n\nExclusion Criteria:\n\n* Patients with symptomatic CNS metastases or leptomeningeal involvement\n* Patients with known brain metastases, unless these metastases have been treated and/or have been stable for at least six months prior to study start. Subjects with a history of brain metastases must have a head CT with contrast to document either response or progression.\n* Patients with bone metastases as the only site(s) of measurable disease\n* Patients with hepatic artery chemoembolization within the last 6 months (one month if there are other sites of measurable disease)\n* Patients who have been previously treated with radioactive directed therapies\n* Patients who have been previously treated with epothilone\n* Patients with any peripheral neuropathy or unresolved diarrhea greater than Grade 1\n* Patients with severe cardiac insufficiency patients taking Coumadin or other warfarin-containing agents with the exception of low dose warfarin (1 mg or less) for the maintenance of in-dwelling lines or ports\n* Patients taking any experimental therapies history of another malignancy within 5 years prior to study entry except curatively treated non-melanoma skin cancer, prostate cancer, or cervical cancer in situ\n* Patients with active or suspected acute or chronic uncontrolled infection including abcesses or fistulae\n* Patients with a medical or psychiatric illness that would preclude study or informed consent and/or history of noncompliance to medical regimens or inability or unwillingness to return for all scheduled visits\n* HIV+ patients\n* Pregnant or lactating females.",
        "category": "compound_Criterion- when there are two or more criterions which can be seperated into various questions",
        "category_reasoning": "The criterion includes multiple distinct inclusion and exclusion criteria that can be separated into individual questions regarding patient eligibility.",
        "overall_thoughts": "The criterion is well-structured, providing clear inclusion and exclusion criteria for patient eligibility in the clinical trial. It covers a range of medical conditions and treatment histories that are relevant to the study.",
        "logical_operator": "AND",
        "criterions": [
            {
                "raw_text": "Patients with biopsy-proven metastatic carcinoid tumors or other neuroendocrine tumors (Islet cell, Gastrinomas and VIPomas) with at least one measurable lesion (other than bone) that has either not been previously irradiated or if previously irradiated has demonstrated progression since the radiation therapy",
                "category": "compound_Criterion- when there are two or more criterions which can be seperated into various questions",
                "category_reasoning": "The criterion involves multiple conditions that need to be satisfied: the type of tumor, the presence of a measurable lesion, and the status of the lesion regarding radiation. These conditions are connected by logical operators, making it a compound criterion.",
                "overall_thoughts": "This criterion is well-structured to identify patients with specific types of neuroendocrine tumors and measurable lesions that meet certain conditions regarding prior radiation treatment.",
                "logical_operator": "AND",
                "criterions": [
                    {
                        "raw_text": "Patients with biopsy-proven metastatic carcinoid tumors or other neuroendocrine tumors (Islet cell, Gastrinomas and VIPomas)",
                        "category": "compound_Criterion- when there are two or more criterions which can be seperated into various questions",
                        "category_reasoning": "The criterion involves multiple types of tumors, which can be separated into distinct questions regarding the presence of each type of tumor.",
                        "overall_thoughts": "The criterion specifies the types of tumors that qualify a patient for the trial, indicating a focus on certain neuroendocrine tumors.",
                        "root_term": "Patients",
                        "qualifiers": [
                            "with biopsy-proven metastatic carcinoid tumors",
                            "or other neuroendocrine tumors (Islet cell, Gastrinomas and VIPomas)"
                        ],
                        "relation_type": "has",
                        "target": [
                            {
                                "answer": "biopsy-proven metastatic carcinoid tumors",
                                "dependent_criterion": null
                            },
                            {
                                "answer": "other neuroendocrine tumors (Islet cell, Gastrinomas and VIPomas)",
                                "dependent_criterion": null
                            }
                        ],
                        "additional_information": [
                            "The criterion specifies the need for biopsy confirmation and includes specific types of neuroendocrine tumors."
                        ]
                    },
                    {
                        "raw_text": "with at least one measurable lesion (other than bone)",
                        "category": "atomic_Criterion- where there is only one criterion that can be answered with a simple question",
                        "category_reasoning": "The criterion specifies a single condition that can be answered with a yes or no: whether the patient has at least one measurable lesion other than bone.",
                        "overall_thoughts": "This criterion is straightforward, specifying the presence of a measurable lesion that is not located in the bone.",
                        "root_term": "lesion",
                        "qualifiers": [
                            "measurable",
                            "other than bone"
                        ],
                        "relation_type": "at least one",
                        "target": [
                            {
                                "answer": "true",
                                "dependent_criterion": null
                            }
                        ],
                        "additional_information": []
                    },
                    {
                        "raw_text": "that has either not been previously irradiated or if previously irradiated has demonstrated progression since the radiation therapy",
                        "category": "compound_Criterion- when there are two or more criterions which can be seperated into various questions",
                        "category_reasoning": "The criterion is compound because it presents two separate conditions connected by an OR logical operator: one regarding the patient not having been previously irradiated, and the other regarding progression after previous irradiation.",
                        "overall_thoughts": "This criterion is designed to include patients who either have not undergone radiation therapy or have shown disease progression after such treatment, indicating a need for further intervention.",
                        "logical_operator": "OR",
                        "criterions": [
                            {
                                "raw_text": "not been previously irradiated",
                                "category": "atomic_Criterion- where there is only one criterion that can be answered with a simple question",
                                "category_reasoning": "The criterion is a simple statement that can be answered with a yes or no, indicating whether the patient has been previously irradiated.",
                                "overall_thoughts": "This criterion is straightforward and checks for prior radiation treatment, which could impact eligibility for certain trials.",
                                "root_term": "irradiated",
                                "qualifiers": [
                                    "not been previously"
                                ],
                                "relation_type": "has not been",
                                "target": [
                                    {
                                        "answer": "true",
                                        "dependent_criterion": null
                                    }
                                ],
                                "additional_information": []
                            },
                            {
                                "raw_text": "if previously irradiated has demonstrated progression since the radiation therapy",
                                "category": "atomic_Criterion- where there is only one criterion that can be answered with a simple question",
                                "category_reasoning": "The criterion is a single condition that can be answered with a yes or no, based on whether the patient has demonstrated progression since radiation therapy.",
                                "overall_thoughts": "This criterion is straightforward, focusing on the progression of disease post-radiation therapy.",
                                "root_term": "previously irradiated",
                                "qualifiers": [
                                    "demonstrated progression since the radiation therapy"
                                ],
                                "relation_type": "condition",
                                "target": [
                                    {
                                        "answer": "yes",
                                        "dependent_criterion": null
                                    }
                                ],
                                "additional_information": []
                            }
                        ]
                    }
                ]
            },
            {
                "raw_text": "The patient has no major impairment of renal or hepatic function, as defined by the following laboratory parameters: total bilirubin <1.5 X ULN; AST, ALT<2.5X ULN (<5 X ULN if liver metastases are present)",
                "category": "compound_Criterion- when there are two or more criterions which can be seperated into various questions",
                "category_reasoning": "The criterion specifies multiple laboratory parameters that need to be met, which can be separated into distinct questions regarding total bilirubin, AST, and ALT levels. Additionally, there is a conditional aspect for ALT and AST levels if liver metastases are present, making it a compound criterion.",
                "overall_thoughts": "This criterion is compound because it involves multiple laboratory parameters that define the absence of major renal or hepatic impairment. It also includes a conditional statement for patients with liver metastases, which adds complexity.",
                "logical_operator": "AND",
                "criterions": [
                    {
                        "raw_text": "total bilirubin <1.5 X ULN",
                        "category": "atomic_Criterion- where there is only one criterion that can be answered with a simple question",
                        "category_reasoning": "The criterion is a simple statement about a laboratory value that can be answered with a yes or no.",
                        "overall_thoughts": "This criterion specifies a laboratory value threshold for total bilirubin, which is a common eligibility criterion in clinical trials to ensure liver function is within acceptable limits.",
                        "root_term": "total bilirubin",
                        "qualifiers": [
                            "<1.5 X ULN"
                        ],
                        "relation_type": "threshold",
                        "target": [
                            {
                                "answer": "<1.5 X ULN",
                                "dependent_criterion": null
                            }
                        ],
                        "additional_information": [
                            "ULN stands for Upper Limit of Normal, which is a standard reference range used in lab tests."
                        ]
                    },
                    {
                        "raw_text": "AST, ALT<2.5X ULN",
                        "category": "atomic_Criterion- where there is only one criterion that can be answered with a simple question",
                        "category_reasoning": "The criterion specifies a simple threshold for AST and ALT levels, which can be directly measured and answered with a yes or no.",
                        "overall_thoughts": "This criterion sets a clear threshold for liver enzyme levels, which is a common requirement in clinical trials to ensure liver function is within acceptable limits.",
                        "root_term": "AST, ALT",
                        "qualifiers": [
                            "<2.5X ULN"
                        ],
                        "relation_type": "threshold",
                        "target": [
                            {
                                "answer": "<2.5X ULN",
                                "dependent_criterion": null
                            }
                        ],
                        "additional_information": [
                            "AST and ALT are liver enzymes, and ULN stands for Upper Limit of Normal."
                        ]
                    },
                    {
                        "raw_text": "AST, ALT<5 X ULN if liver metastases are present",
                        "category": "hierarchical_criterion- when there is a parent criterion and a child criterion which adds further criteria should the parent be true.",
                        "category_reasoning": "The criterion specifies a condition (AST, ALT levels) that is dependent on the presence of liver metastases, making it hierarchical.",
                        "overall_thoughts": "This criterion sets a specific threshold for liver enzyme levels that is conditional on the presence of liver metastases, indicating a hierarchical relationship.",
                        "root_term": "AST, ALT",
                        "qualifiers": [
                            "<5 X ULN"
                        ],
                        "relation_type": "conditional",
                        "target": [
                            {
                                "answer": "liver metastases are present",
                                "dependent_criterion": null
                            }
                        ],
                        "additional_information": [
                            "AST and ALT are liver enzymes, and ULN stands for Upper Limit of Normal."
                        ]
                    }
                ]
            },
            {
                "raw_text": "Patients on Sandostatin Lar (long acting somatostatin analogue) must be on a stable dose for 30 days prior to study entry and short acting somatostatin analogues must be judged to be on a clinically stable dose by the investigator prior to study entry",
                "category": "compound_Criterion- when there are two or more criterions which can be seperated into various questions",
                "category_reasoning": "The criterion involves two separate conditions regarding the stability of medication doses: one for Sandostatin Lar and another for short acting somatostatin analogues. These conditions are joined by the logical operator 'AND', indicating that both must be satisfied for eligibility.",
                "overall_thoughts": "This criterion is clearly a compound criterion as it involves two distinct conditions that need to be met regarding the stability of medication doses for patients on different types of somatostatin analogues.",
                "logical_operator": "AND",
                "criterions": [
                    {
                        "raw_text": "Patients on Sandostatin Lar (long acting somatostatin analogue) must be on a stable dose for 30 days prior to study entry",
                        "category": "atomic_Criterion- where there is only one criterion that can be answered with a simple question",
                        "category_reasoning": "The criterion specifies a single condition regarding the medication dosage stability for patients on Sandostatin Lar, which can be answered with a yes or no.",
                        "overall_thoughts": "This criterion is straightforward, specifying a requirement for patients on a specific medication to have a stable dose for a certain period before entering the study.",
                        "root_term": "Patients on Sandostatin Lar",
                        "qualifiers": [
                            "long acting somatostatin analogue"
                        ],
                        "relation_type": "must be on a stable dose for",
                        "target": [
                            {
                                "answer": "30 days prior to study entry",
                                "dependent_criterion": null
                            }
                        ],
                        "additional_information": [
                            "This criterion is relevant for ensuring that the effects of the medication are stable and do not confound the study results."
                        ]
                    },
                    {
                        "raw_text": "Short acting somatostatin analogues must be judged to be on a clinically stable dose by the investigator prior to study entry",
                        "category": "atomic_Criterion- where there is only one criterion that can be answered with a simple question",
                        "category_reasoning": "The criterion specifies a single condition regarding the stability of the dose of short acting somatostatin analogues, which can be answered with a yes or no.",
                        "overall_thoughts": "This criterion ensures that participants are on a stable dose of medication, which is important for maintaining consistency in the study's conditions.",
                        "root_term": "Short acting somatostatin analogues",
                        "qualifiers": [
                            "must be judged to be on a clinically stable dose by the investigator",
                            "prior to study entry"
                        ],
                        "relation_type": "must be",
                        "target": [
                            {
                                "answer": "on a clinically stable dose",
                                "dependent_criterion": null
                            }
                        ],
                        "additional_information": [
                            "The stability of the dose is determined by the investigator."
                        ]
                    }
                ]
            },
            {
                "raw_text": "Must have a life expectancy of greater than three (3) months",
                "category": "atomic_Criterion- where there is only one criterion that can be answered with a simple question",
                "category_reasoning": "The criterion is a straightforward requirement regarding the participant's life expectancy, which can be answered with a simple yes or no.",
                "overall_thoughts": "This criterion is clear and specifies a minimum life expectancy requirement for participants, which is common in clinical trials to ensure participants can complete the study.",
                "root_term": "life expectancy",
                "qualifiers": [
                    "greater than three (3) months"
                ],
                "relation_type": "must have",
                "target": [
                    {
                        "answer": "greater than three (3) months",
                        "dependent_criterion": null
                    }
                ],
                "additional_information": []
            },
            {
                "raw_text": "Karnofsky Performance Status > 60",
                "category": "atomic_Criterion- where there is only one criterion that can be answered with a simple question",
                "category_reasoning": "The criterion is a straightforward requirement regarding the Karnofsky Performance Status, which is a single measurable parameter.",
                "overall_thoughts": "This criterion specifies a minimum performance status required for eligibility, indicating that participants must have a certain level of functional independence.",
                "root_term": "Karnofsky Performance Status",
                "qualifiers": [
                    "> 60"
                ],
                "relation_type": "greater than",
                "target": [
                    {
                        "answer": "greater than 60",
                        "dependent_criterion": null
                    }
                ],
                "additional_information": [
                    "The Karnofsky Performance Status is a standard way of measuring the ability of cancer patients to perform ordinary tasks."
                ]
            },
            {
                "raw_text": "Female patients must have a negative serum pregnancy test at screening. (Not applicable to patients with bilateral oophorectomy and/or hysterectomy or to those patients who are postmenopausal.)",
                "category": "compound_Criterion- when there are two or more criterions which can be seperated into various questions",
                "category_reasoning": "The criterion involves multiple conditions: a requirement for a negative serum pregnancy test and exceptions for patients with bilateral oophorectomy, hysterectomy, or those who are postmenopausal. This makes it a compound criterion as it involves multiple conditions that can be separated into different questions.",
                "overall_thoughts": "The criterion is well-structured, specifying a requirement for female patients and exceptions based on surgical history or menopausal status. It clearly outlines the conditions under which the pregnancy test requirement is waived.",
                "logical_operator": "OR",
                "criterions": [
                    {
                        "raw_text": "Female patients must have a negative serum pregnancy test at screening.",
                        "category": "atomic_Criterion- where there is only one criterion that can be answered with a simple question",
                        "category_reasoning": "The criterion specifies a single requirement that can be answered with a yes or no question: whether female patients have a negative serum pregnancy test at screening.",
                        "overall_thoughts": "This criterion is straightforward, specifying a requirement for female patients to have a negative pregnancy test result at the time of screening.",
                        "root_term": "Female patients",
                        "qualifiers": [
                            "must have a negative serum pregnancy test",
                            "at screening"
                        ],
                        "relation_type": "must have",
                        "target": [
                            {
                                "answer": "negative",
                                "dependent_criterion": null
                            }
                        ],
                        "additional_information": [
                            "This criterion is likely in place to ensure that pregnant women are not included in the trial, possibly due to potential risks to the fetus."
                        ]
                    },
                    {
                        "raw_text": "Not applicable to patients with bilateral oophorectomy.",
                        "category": "atomic_Criterion- where there is only one criterion that can be answered with a simple question",
                        "category_reasoning": "The criterion is straightforward and can be answered with a simple yes or no question regarding the patient's medical history.",
                        "overall_thoughts": "This criterion excludes patients who have undergone bilateral oophorectomy from the trial.",
                        "root_term": "patients",
                        "qualifiers": [
                            "with bilateral oophorectomy"
                        ],
                        "relation_type": "not applicable to",
                        "target": [
                            {
                                "answer": "bilateral oophorectomy",
                                "dependent_criterion": null
                            }
                        ],
                        "additional_information": []
                    },
                    {
                        "raw_text": "Not applicable to patients with hysterectomy.",
                        "category": "atomic_Criterion- where there is only one criterion that can be answered with a simple question",
                        "category_reasoning": "The criterion is straightforward and can be answered with a simple yes or no question regarding the patient's medical history.",
                        "overall_thoughts": "This criterion excludes patients who have undergone a hysterectomy from the trial.",
                        "root_term": "patients",
                        "qualifiers": [
                            "with hysterectomy"
                        ],
                        "relation_type": "not applicable to",
                        "target": [
                            {
                                "answer": "hysterectomy",
                                "dependent_criterion": null
                            }
                        ],
                        "additional_information": []
                    },
                    {
                        "raw_text": "Not applicable to patients who are postmenopausal.",
                        "category": "atomic_Criterion- where there is only one criterion that can be answered with a simple question",
                        "category_reasoning": "The criterion is straightforward and can be answered with a simple yes or no question regarding the menopausal status of the patient.",
                        "overall_thoughts": "This criterion excludes postmenopausal patients from the trial, indicating that the study is likely focused on premenopausal individuals or those with a different hormonal status.",
                        "root_term": "patients",
                        "qualifiers": [
                            "postmenopausal"
                        ],
                        "relation_type": "not applicable to",
                        "target": [
                            {
                                "answer": "postmenopausal",
                                "dependent_criterion": null
                            }
                        ],
                        "additional_information": []
                    }
                ]
            },
            {
                "raw_text": "Patients with symptomatic CNS metastases or leptomeningeal involvement",
                "category": "compound_Criterion- when there are two or more criterions which can be seperated into various questions",
                "category_reasoning": "The criterion mentions two separate conditions: symptomatic CNS metastases and leptomeningeal involvement, which can be considered as two distinct criteria.",
                "overall_thoughts": "This criterion is compound because it involves two separate conditions that could independently affect eligibility.",
                "root_term": "Patients",
                "qualifiers": [
                    "with symptomatic CNS metastases",
                    "leptomeningeal involvement"
                ],
                "relation_type": "has",
                "target": [
                    {
                        "answer": "true",
                        "dependent_criterion": null
                    }
                ],
                "additional_information": [
                    "CNS metastases refer to cancer that has spread to the central nervous system.",
                    "Leptomeningeal involvement indicates cancer spread to the membranes surrounding the brain and spinal cord."
                ]
            },
            {
                "raw_text": "Patients with known brain metastases, unless these metastases have been treated and/or have been stable for at least six months prior to study start. Subjects with a history of brain metastases must have a head CT with contrast to document either response or progression.",
                "category": "compound_Criterion- when there are two or more criterions which can be seperated into various questions",
                "category_reasoning": "The criterion involves multiple conditions related to brain metastases: treatment or stability for six months, and a requirement for a head CT with contrast. These conditions can be separated into distinct questions, making it a compound criterion.",
                "overall_thoughts": "This criterion is focused on the eligibility of patients with brain metastases, specifying conditions under which they may be eligible, such as treatment or stability of metastases and the requirement for a head CT scan.",
                "logical_operator": "AND",
                "criterions": [
                    {
                        "raw_text": "Patients with known brain metastases, unless these metastases have been treated and/or have been stable for at least six months prior to study start.",
                        "category": "hierarchical_criterion- when there is a parent criterion and a child criterion which adds further criteria should the parent be true.",
                        "category_reasoning": "The criterion is hierarchical because it starts with a general condition (patients with known brain metastases) and then specifies an exception to this condition (unless these metastases have been treated and/or have been stable for at least six months prior to study start).",
                        "overall_thoughts": "This criterion is designed to exclude patients with untreated or unstable brain metastases, while allowing those whose metastases have been managed effectively. It ensures that only patients with a certain level of disease stability are included in the study.",
                        "parent_criterion": {
                            "raw_text": "Patients with known brain metastases",
                            "category": "atomic_Criterion- where there is only one criterion that can be answered with a simple question",
                            "category_reasoning": "The criterion is straightforward and can be answered with a yes or no regarding the presence of brain metastases.",
                            "overall_thoughts": "This criterion is clear and specific, focusing on the presence of brain metastases in patients.",
                            "root_term": "Patients",
                            "qualifiers": [
                                "with known brain metastases"
                            ],
                            "relation_type": "has",
                            "target": [
                                {
                                    "answer": "known brain metastases",
                                    "dependent_criterion": null
                                }
                            ],
                            "additional_information": []
                        },
                        "child_criterion": {
                            "raw_text": "unless these metastases have been treated and/or have been stable for at least six months prior to study start",
                            "category": "compound_Criterion- when there are two or more criterions which can be seperated into various questions",
                            "category_reasoning": "The criterion involves two conditions that can be separated into distinct questions: whether the metastases have been treated and whether they have been stable for at least six months. The use of 'and/or' indicates a compound nature.",
                            "overall_thoughts": "This criterion specifies conditions under which metastases are considered acceptable for study inclusion, involving treatment status and stability duration.",
                            "logical_operator": "AND",
                            "criterions": [
                                {
                                    "raw_text": "metastases have been treated",
                                    "category": "atomic_Criterion- where there is only one criterion that can be answered with a simple question",
                                    "category_reasoning": "The criterion is straightforward and can be answered with a simple yes or no question regarding whether the metastases have been treated.",
                                    "overall_thoughts": "This criterion is clear and specific, focusing on the treatment status of metastases.",
                                    "root_term": "metastases",
                                    "qualifiers": [],
                                    "relation_type": "have been treated",
                                    "target": [
                                        {
                                            "answer": "yes",
                                            "dependent_criterion": null
                                        }
                                    ],
                                    "additional_information": []
                                },
                                {
                                    "raw_text": "metastases have been stable for at least six months prior to study start",
                                    "category": "atomic_Criterion- where there is only one criterion that can be answered with a simple question",
                                    "category_reasoning": "The criterion is a single statement that can be answered with a yes or no, based on the stability of metastases for a specified duration.",
                                    "overall_thoughts": "This criterion is straightforward, focusing on the stability of metastases over a six-month period before the study begins.",
                                    "root_term": "metastases",
                                    "qualifiers": [
                                        "stable for at least six months prior to study start"
                                    ],
                                    "relation_type": "stability",
                                    "target": [
                                        {
                                            "answer": "stable",
                                            "dependent_criterion": null
                                        }
                                    ],
                                    "additional_information": [
                                        "The criterion implies a requirement for the patient's metastases to not have progressed for a minimum of six months before they can be considered for the study."
                                    ]
                                }
                            ]
                        },
                        "additional_information": [
                            "The criterion is likely intended to ensure patient safety and the integrity of the study results by excluding those with active or unstable brain metastases."
                        ]
                    },
                    {
                        "raw_text": "Subjects with a history of brain metastases must have a head CT with contrast to document either response or progression.",
                        "category": "compound_Criterion- when there are two or more criterions which can be seperated into various questions",
                        "category_reasoning": "The criterion involves two conditions: having a history of brain metastases and undergoing a head CT with contrast to document response or progression. These can be separated into distinct questions.",
                        "overall_thoughts": "The criterion specifies a requirement for subjects with a history of brain metastases to undergo a specific diagnostic procedure to assess their condition.",
                        "root_term": "Subjects",
                        "qualifiers": [
                            "with a history of brain metastases"
                        ],
                        "relation_type": "must have",
                        "target": [
                            {
                                "answer": "a head CT with contrast to document either response or progression",
                                "dependent_criterion": null
                            }
                        ],
                        "additional_information": [
                            "The criterion is specific to subjects with a history of brain metastases, indicating a need for ongoing monitoring of their condition."
                        ]
                    }
                ]
            },
            {
                "raw_text": "Patients with bone metastases as the only site(s) of measurable disease",
                "category": "atomic_Criterion- where there is only one criterion that can be answered with a simple question",
                "category_reasoning": "The criterion specifies a single condition regarding the presence of bone metastases as the only site of measurable disease, which can be answered with a yes or no.",
                "overall_thoughts": "This criterion is straightforward, focusing on the presence of bone metastases as the sole site of measurable disease, which is a common consideration in oncology trials.",
                "root_term": "bone metastases",
                "qualifiers": [
                    "only site(s) of measurable disease"
                ],
                "relation_type": "presence",
                "target": [
                    {
                        "answer": "yes",
                        "dependent_criterion": null
                    }
                ],
                "additional_information": [
                    "This criterion is relevant for trials focusing on patients with limited metastatic spread, specifically to the bones."
                ]
            },
            {
                "raw_text": "Patients with hepatic artery chemoembolization within the last 6 months (one month if there are other sites of measurable disease)",
                "category": "hierarchical_criterion- when there is a parent criterion and a child criterion which adds further criteria should the parent be true.",
                "category_reasoning": "The criterion specifies a condition (hepatic artery chemoembolization within the last 6 months) and then adds a further specification (one month if there are other sites of measurable disease), making it hierarchical.",
                "overall_thoughts": "This criterion is hierarchical because it sets a general condition and then modifies it based on an additional factor, which is the presence of other sites of measurable disease.",
                "parent_criterion": {
                    "raw_text": "Patients with hepatic artery chemoembolization within the last 6 months",
                    "category": "atomic_Criterion- where there is only one criterion that can be answered with a simple question",
                    "category_reasoning": "The criterion is straightforward and can be answered with a simple yes or no question regarding the patient's medical history.",
                    "overall_thoughts": "This criterion is clear and specific, focusing on a particular medical procedure within a defined timeframe.",
                    "root_term": "hepatic artery chemoembolization",
                    "qualifiers": [
                        "within the last 6 months"
                    ],
                    "relation_type": "has undergone",
                    "target": [
                        {
                            "answer": "Yes",
                            "dependent_criterion": null
                        }
                    ],
                    "additional_information": [
                        "This criterion is likely used to exclude patients who have recently undergone this procedure, as it may affect their eligibility for the trial."
                    ]
                },
                "child_criterion": null,
                "additional_information": [
                    "Hepatic artery chemoembolization is a procedure used to treat liver cancer.",
                    "The criterion is likely used to ensure that patients have had sufficient recovery time from the procedure before participating in the trial, with a shorter recovery time if there are other measurable disease sites."
                ]
            },
            {
                "raw_text": "Patients who have been previously treated with radioactive directed therapies",
                "category": "atomic_Criterion- where there is only one criterion that can be answered with a simple question",
                "category_reasoning": "The criterion is straightforward and asks whether patients have been previously treated with a specific type of therapy, which can be answered with a simple yes or no.",
                "overall_thoughts": "This criterion is clear and specific, focusing on the treatment history of the patients with respect to radioactive directed therapies.",
                "root_term": "Patients",
                "qualifiers": [
                    "who have been previously treated with radioactive directed therapies"
                ],
                "relation_type": "treatment history",
                "target": [
                    {
                        "answer": "yes",
                        "dependent_criterion": null
                    }
                ],
                "additional_information": []
            },
            {
                "raw_text": "Patients who have been previously treated with epothilone",
                "category": "atomic_Criterion- where there is only one criterion that can be answered with a simple question",
                "category_reasoning": "The criterion is straightforward and can be answered with a yes or no question regarding prior treatment with epothilone.",
                "overall_thoughts": "This criterion is clear and specifies a treatment history requirement for eligibility.",
                "root_term": "Patients",
                "qualifiers": [
                    "who have been previously treated with epothilone"
                ],
                "relation_type": "treatment history",
                "target": [
                    {
                        "answer": "yes",
                        "dependent_criterion": null
                    }
                ],
                "additional_information": [
                    "Epothilone is a class of drugs used in cancer treatment."
                ]
            },
            {
                "raw_text": "Patients with any peripheral neuropathy or unresolved diarrhea greater than Grade 1",
                "category": "compound_Criterion- when there are two or more criterions which can be seperated into various questions",
                "category_reasoning": "The criterion involves two separate conditions: peripheral neuropathy and unresolved diarrhea greater than Grade 1, which can be evaluated independently.",
                "overall_thoughts": "This criterion is a compound criterion because it involves two separate conditions that need to be evaluated: peripheral neuropathy and unresolved diarrhea greater than Grade 1. The logical operator 'OR' indicates that the presence of either condition would affect eligibility.",
                "logical_operator": "OR",
                "criterions": [
                    {
                        "raw_text": "Patients with any peripheral neuropathy",
                        "category": "atomic_Criterion- where there is only one criterion that can be answered with a simple question",
                        "category_reasoning": "The criterion is straightforward and can be answered with a simple yes or no question regarding the presence of peripheral neuropathy.",
                        "overall_thoughts": "This criterion is clear and specific, focusing on the presence of peripheral neuropathy in patients.",
                        "root_term": "peripheral neuropathy",
                        "qualifiers": [
                            "any"
                        ],
                        "relation_type": "presence",
                        "target": [
                            {
                                "answer": "yes",
                                "dependent_criterion": null
                            }
                        ],
                        "additional_information": [
                            "Peripheral neuropathy refers to a condition resulting from damage to the peripheral nerves, often causing weakness, numbness, and pain, usually in the hands and feet."
                        ]
                    },
                    {
                        "raw_text": "Patients with unresolved diarrhea greater than Grade 1",
                        "category": "atomic_Criterion- where there is only one criterion that can be answered with a simple question",
                        "category_reasoning": "The criterion specifies a single condition regarding the patient's health status that can be answered with a yes or no.",
                        "overall_thoughts": "This criterion is straightforward, focusing on the severity of diarrhea in patients, which is a common exclusion criterion in clinical trials to ensure patient safety and data integrity.",
                        "root_term": "diarrhea",
                        "qualifiers": [
                            "unresolved",
                            "greater than Grade 1"
                        ],
                        "relation_type": "has",
                        "target": [
                            {
                                "answer": "unresolved diarrhea greater than Grade 1",
                                "dependent_criterion": null
                            }
                        ],
                        "additional_information": [
                            "The criterion uses the Common Terminology Criteria for Adverse Events (CTCAE) grading system, where Grade 1 is mild symptoms."
                        ]
                    }
                ]
            },
            {
                "raw_text": "Patients with severe cardiac insufficiency patients taking Coumadin or other warfarin-containing agents with the exception of low dose warfarin (1 mg or less) for the maintenance of in-dwelling lines or ports",
                "category": "compound_Criterion- when there are two or more criterions which can be seperated into various questions",
                "category_reasoning": "The criterion involves two separate conditions: having severe cardiac insufficiency and taking Coumadin or other warfarin-containing agents, with an exception for low dose warfarin for specific purposes. These can be separated into distinct questions regarding cardiac insufficiency and warfarin use.",
                "overall_thoughts": "The criterion is compound because it involves multiple conditions that need to be evaluated separately. It specifies a medical condition (severe cardiac insufficiency) and a medication use condition (taking warfarin), with an exception clause for low dose warfarin use for specific medical purposes.",
                "logical_operator": "AND",
                "criterions": [
                    {
                        "raw_text": "Patients with severe cardiac insufficiency",
                        "category": "atomic_Criterion- where there is only one criterion that can be answered with a simple question",
                        "category_reasoning": "The criterion is straightforward and can be answered with a simple yes or no regarding the presence of severe cardiac insufficiency.",
                        "overall_thoughts": "This criterion is clear and specific, focusing on the presence of severe cardiac insufficiency in patients.",
                        "root_term": "cardiac insufficiency",
                        "qualifiers": [
                            "severe"
                        ],
                        "relation_type": "with",
                        "target": [
                            {
                                "answer": "severe cardiac insufficiency",
                                "dependent_criterion": null
                            }
                        ],
                        "additional_information": []
                    },
                    {
                        "raw_text": "Patients taking Coumadin or other warfarin-containing agents with the exception of low dose warfarin (1 mg or less) for the maintenance of in-dwelling lines or ports",
                        "category": "atomic_Criterion- where there is only one criterion that can be answered with a simple question",
                        "category_reasoning": "The criterion specifies a single condition regarding the use of warfarin-containing agents, with an exception for low dose warfarin for a specific purpose. This can be addressed with a simple yes/no question regarding the patient's medication use.",
                        "overall_thoughts": "This criterion is focused on the exclusion of patients taking certain anticoagulants, with a specific exception for low dose warfarin used for maintaining in-dwelling lines or ports. It is straightforward and does not require further breakdown.",
                        "root_term": "Patients taking Coumadin or other warfarin-containing agents",
                        "qualifiers": [
                            "with the exception of low dose warfarin (1 mg or less) for the maintenance of in-dwelling lines or ports"
                        ],
                        "relation_type": "exclusion",
                        "target": [
                            {
                                "answer": "true",
                                "dependent_criterion": null
                            }
                        ],
                        "additional_information": [
                            "Coumadin is a brand name for warfarin, an anticoagulant medication."
                        ]
                    }
                ]
            },
            {
                "raw_text": "Patients taking any experimental therapies history of another malignancy within 5 years prior to study entry except curatively treated non-melanoma skin cancer, prostate cancer, or cervical cancer in situ",
                "category": "compound_Criterion- when there are two or more criterions which can be seperated into various questions",
                "category_reasoning": "The criterion involves multiple conditions: patients taking experimental therapies and having a history of another malignancy within 5 years, with exceptions for certain types of cancer. This makes it a compound criterion as it involves multiple conditions that need to be evaluated together.",
                "overall_thoughts": "This criterion is designed to exclude patients who are currently on experimental therapies and have a recent history of malignancy, with specific exceptions. It ensures that the study population is not confounded by other experimental treatments or recent malignancies, except for those that are considered less likely to interfere with the study outcomes.",
                "logical_operator": "AND",
                "criterions": [
                    {
                        "raw_text": "Patients taking any experimental therapies",
                        "category": "atomic_Criterion- where there is only one criterion that can be answered with a simple question",
                        "category_reasoning": "The criterion is straightforward and can be answered with a simple yes or no question regarding whether the patient is taking experimental therapies.",
                        "overall_thoughts": "This criterion is clear and specific, focusing on the patient's current involvement with experimental therapies.",
                        "root_term": "Patients",
                        "qualifiers": [
                            "taking any experimental therapies"
                        ],
                        "relation_type": "status",
                        "target": [
                            {
                                "answer": "yes",
                                "dependent_criterion": null
                            }
                        ],
                        "additional_information": [
                            "This criterion is likely used to exclude patients who are currently involved in other experimental treatments, which could interfere with the study."
                        ]
                    },
                    {
                        "raw_text": "History of another malignancy within 5 years prior to study entry",
                        "category": "atomic_Criterion- where there is only one criterion that can be answered with a simple question",
                        "category_reasoning": "The criterion is a straightforward exclusion criterion that can be answered with a yes or no question regarding the patient's medical history.",
                        "overall_thoughts": "This criterion is used to exclude patients who have had another malignancy within the specified time frame, as it may affect the study's outcomes or the patient's health.",
                        "root_term": "History of another malignancy",
                        "qualifiers": [
                            "within 5 years prior to study entry"
                        ],
                        "relation_type": "temporal",
                        "target": [
                            {
                                "answer": "Yes",
                                "dependent_criterion": null
                            }
                        ],
                        "additional_information": [
                            "This criterion is likely used to ensure that the study results are not confounded by recent cancer treatments or the presence of another active cancer."
                        ]
                    },
                    {
                        "raw_text": "Except curatively treated non-melanoma skin cancer, prostate cancer, or cervical cancer in situ",
                        "category": "compound_Criterion- when there are two or more criterions which can be seperated into various questions",
                        "category_reasoning": "The criterion lists multiple types of cancer that are exceptions, indicating that it is composed of multiple atomic criteria connected by a logical operator.",
                        "overall_thoughts": "This criterion specifies exceptions for certain types of cancer that have been curatively treated, indicating that patients with these conditions are eligible for the trial.",
                        "logical_operator": "OR",
                        "criterions": [
                            {
                                "raw_text": "curatively treated non-melanoma skin cancer",
                                "category": "atomic_Criterion- where there is only one criterion that can be answered with a simple question",
                                "category_reasoning": "The criterion is straightforward and can be answered with a simple yes or no question regarding the patient's medical history.",
                                "overall_thoughts": "This criterion is clear and specific, focusing on a particular medical condition and its treatment status.",
                                "root_term": "skin cancer",
                                "qualifiers": [
                                    "curatively treated",
                                    "non-melanoma"
                                ],
                                "relation_type": "status",
                                "target": [
                                    {
                                        "answer": "yes",
                                        "dependent_criterion": null
                                    }
                                ],
                                "additional_information": [
                                    "This criterion is likely used to determine eligibility based on past cancer history, specifically non-melanoma skin cancer that has been successfully treated."
                                ]
                            },
                            {
                                "raw_text": "curatively treated prostate cancer",
                                "category": "atomic_Criterion- where there is only one criterion that can be answered with a simple question",
                                "category_reasoning": "The criterion is straightforward and can be answered with a simple yes or no question regarding the patient's medical history.",
                                "overall_thoughts": "This criterion is clear and specific, focusing on whether the patient has had prostate cancer that was treated with curative intent.",
                                "root_term": "prostate cancer",
                                "qualifiers": [
                                    "curatively treated"
                                ],
                                "relation_type": "status",
                                "target": [
                                    {
                                        "answer": "yes",
                                        "dependent_criterion": null
                                    }
                                ],
                                "additional_information": []
                            },
                            {
                                "raw_text": "curatively treated cervical cancer in situ",
                                "category": "atomic_Criterion- where there is only one criterion that can be answered with a simple question",
                                "category_reasoning": "The criterion is a straightforward statement about a medical condition that can be answered with a yes or no.",
                                "overall_thoughts": "This criterion specifies a medical condition that has been treated curatively, indicating a past medical history that may be relevant for trial eligibility.",
                                "root_term": "cervical cancer",
                                "qualifiers": [
                                    "curatively treated",
                                    "in situ"
                                ],
                                "relation_type": "condition",
                                "target": [
                                    {
                                        "answer": "true",
                                        "dependent_criterion": null
                                    }
                                ],
                                "additional_information": []
                            }
                        ]
                    }
                ]
            },
            {
                "raw_text": "Patients with active or suspected acute or chronic uncontrolled infection including abcesses or fistulae",
                "category": "compound_Criterion- when there are two or more criterions which can be seperated into various questions",
                "category_reasoning": "The criterion involves multiple conditions: active or suspected infection, acute or chronic infection, and uncontrolled infection, including abscesses or fistulae. These can be separated into distinct questions regarding the presence of infection, its nature (acute or chronic), and its control status.",
                "overall_thoughts": "The criterion is complex as it involves multiple aspects of infection that need to be considered separately. It is important to assess each aspect to determine eligibility.",
                "logical_operator": "OR",
                "criterions": [
                    {
                        "raw_text": "active or suspected infection",
                        "category": "compound_Criterion- when there are two or more criterions which can be seperated into various questions",
                        "category_reasoning": "The criterion involves two separate conditions: 'active infection' and 'suspected infection', which can be considered independently.",
                        "overall_thoughts": "The criterion is straightforward, involving the presence of an infection, either confirmed or suspected.",
                        "root_term": "infection",
                        "qualifiers": [
                            "active",
                            "suspected"
                        ],
                        "relation_type": "presence",
                        "target": [
                            {
                                "answer": "true",
                                "dependent_criterion": null
                            }
                        ],
                        "additional_information": []
                    },
                    {
                        "raw_text": "acute or chronic infection",
                        "category": "compound_Criterion- when there are two or more criterions which can be seperated into various questions",
                        "category_reasoning": "The criterion mentions two distinct conditions: acute infection and chronic infection, which can be considered separately.",
                        "overall_thoughts": "The criterion is checking for the presence of either acute or chronic infection, which are two separate conditions.",
                        "root_term": "infection",
                        "qualifiers": [
                            "acute",
                            "chronic"
                        ],
                        "relation_type": "presence",
                        "target": [
                            {
                                "answer": "true",
                                "dependent_criterion": null
                            }
                        ],
                        "additional_information": []
                    },
                    {
                        "raw_text": "uncontrolled infection",
                        "category": "atomic_Criterion- where there is only one criterion that can be answered with a simple question",
                        "category_reasoning": "The criterion is a straightforward statement that can be answered with a yes or no regarding the presence of an uncontrolled infection.",
                        "overall_thoughts": "This criterion is clear and specific, focusing on the presence of an uncontrolled infection, which is a common exclusion criterion in clinical trials to ensure patient safety and data integrity.",
                        "root_term": "infection",
                        "qualifiers": [
                            "uncontrolled"
                        ],
                        "relation_type": "presence",
                        "target": [
                            {
                                "answer": "yes",
                                "dependent_criterion": null
                            }
                        ],
                        "additional_information": []
                    },
                    {
                        "raw_text": "including abscesses or fistulae",
                        "category": "atomic_Criterion- where there is only one criterion that can be answered with a simple question",
                        "category_reasoning": "The criterion specifies a condition involving abscesses or fistulae, which can be addressed with a simple yes or no question regarding their presence.",
                        "overall_thoughts": "This criterion is straightforward, focusing on the presence of abscesses or fistulae, which are specific medical conditions.",
                        "root_term": "abscesses or fistulae",
                        "qualifiers": [
                            "including"
                        ],
                        "relation_type": "presence",
                        "target": [
                            {
                                "answer": "present",
                                "dependent_criterion": null
                            }
                        ],
                        "additional_information": []
                    }
                ]
            },
            {
                "raw_text": "Patients with a medical or psychiatric illness that would preclude study or informed consent and/or history of noncompliance to medical regimens or inability or unwillingness to return for all scheduled visits",
                "category": "compound_Criterion- when there are two or more criterions which can be seperated into various questions",
                "category_reasoning": "The criterion lists multiple conditions that could exclude a patient from the study, including medical or psychiatric illness, history of noncompliance, and inability or unwillingness to return for visits. These are separate conditions that can be individually assessed.",
                "overall_thoughts": "The criterion is well-structured to exclude patients who may not be able to comply with study requirements due to medical, psychiatric, or behavioral issues.",
                "logical_operator": "OR",
                "criterions": [
                    {
                        "raw_text": "Patients with a medical or psychiatric illness that would preclude study or informed consent",
                        "category": "compound_Criterion- when there are two or more criterions which can be seperated into various questions",
                        "category_reasoning": "The criterion involves two separate conditions: a medical illness and a psychiatric illness, either of which could preclude study participation or informed consent. This makes it a compound criterion as it involves multiple conditions that need to be evaluated separately.",
                        "overall_thoughts": "The criterion is clear in specifying that either a medical or psychiatric illness could disqualify a patient from the study, indicating that both need to be considered independently.",
                        "logical_operator": "OR",
                        "criterions": [
                            {
                                "raw_text": "Patients with a medical illness that would preclude study or informed consent",
                                "category": "atomic_Criterion- where there is only one criterion that can be answered with a simple question",
                                "category_reasoning": "The criterion is a single condition that can be evaluated with a yes or no answer regarding the presence of a medical illness that would interfere with study participation or informed consent.",
                                "overall_thoughts": "This criterion is straightforward, focusing on the presence of a medical illness that could interfere with the patient's ability to participate in the study or provide informed consent.",
                                "root_term": "Patients",
                                "qualifiers": [
                                    "with a medical illness that would preclude study or informed consent"
                                ],
                                "relation_type": "exclusion",
                                "target": [
                                    {
                                        "answer": "would preclude study or informed consent",
                                        "dependent_criterion": null
                                    }
                                ],
                                "additional_information": [
                                    "This criterion is used to ensure that participants are capable of understanding the study and providing informed consent, as well as being able to safely participate in the study."
                                ]
                            },
                            {
                                "raw_text": "Patients with a psychiatric illness that would preclude study or informed consent",
                                "category": "atomic_Criterion- where there is only one criterion that can be answered with a simple question",
                                "category_reasoning": "The criterion is a single condition that can be evaluated with a straightforward question about the patient's psychiatric status and its impact on study participation or informed consent.",
                                "overall_thoughts": "This criterion is clear and specific, focusing on the presence of a psychiatric illness that affects the patient's ability to participate in the study or provide informed consent.",
                                "root_term": "psychiatric illness",
                                "qualifiers": [
                                    "that would preclude study or informed consent"
                                ],
                                "relation_type": "exclusion",
                                "target": [
                                    {
                                        "answer": "presence of psychiatric illness that precludes study or informed consent",
                                        "dependent_criterion": null
                                    }
                                ],
                                "additional_information": [
                                    "This criterion is used to ensure that participants are capable of understanding the study and providing informed consent, which is crucial for ethical and valid study conduct."
                                ]
                            }
                        ]
                    },
                    {
                        "raw_text": "history of noncompliance to medical regimens",
                        "category": "atomic_Criterion- where there is only one criterion that can be answered with a simple question",
                        "category_reasoning": "The criterion is straightforward and can be answered with a simple yes or no regarding the patient's history of noncompliance.",
                        "overall_thoughts": "This criterion is clear and specific, focusing on the patient's past behavior regarding adherence to medical regimens.",
                        "root_term": "noncompliance",
                        "qualifiers": [
                            "history of",
                            "to medical regimens"
                        ],
                        "relation_type": "history of",
                        "target": [
                            {
                                "answer": "yes",
                                "dependent_criterion": null
                            }
                        ],
                        "additional_information": [
                            "This criterion is often used to assess the reliability of a participant in following study protocols."
                        ]
                    },
                    {
                        "raw_text": "inability or unwillingness to return for all scheduled visits",
                        "category": "compound_Criterion- when there are two or more criterions which can be seperated into various questions",
                        "category_reasoning": "The criterion involves two separate conditions: inability and unwillingness, which can be considered independently.",
                        "overall_thoughts": "This criterion is about the participant's ability and willingness to comply with the study's visit schedule, which is crucial for the integrity of the trial data.",
                        "root_term": "return for all scheduled visits",
                        "qualifiers": [
                            "inability",
                            "unwillingness"
                        ],
                        "relation_type": "inability or unwillingness",
                        "target": [
                            {
                                "answer": "cannot return for all scheduled visits",
                                "dependent_criterion": null
                            },
                            {
                                "answer": "will not return for all scheduled visits",
                                "dependent_criterion": null
                            }
                        ],
                        "additional_information": [
                            "This criterion is important for ensuring participant compliance with the study protocol."
                        ]
                    }
                ]
            },
            {
                "raw_text": "HIV+ patients",
                "category": "atomic_Criterion- where there is only one criterion that can be answered with a simple question",
                "category_reasoning": "The criterion is straightforward and can be answered with a simple yes or no question regarding the HIV status of the patient.",
                "overall_thoughts": "This criterion is clear and specifies that the patient must be HIV positive to meet this eligibility requirement.",
                "root_term": "patients",
                "qualifiers": [
                    "HIV+"
                ],
                "relation_type": "status",
                "target": [
                    {
                        "answer": "HIV positive",
                        "dependent_criterion": null
                    }
                ],
                "additional_information": [
                    "HIV+ indicates that the patient is positive for the Human Immunodeficiency Virus."
                ]
            },
            {
                "raw_text": "Pregnant or lactating females.",
                "category": "compound_Criterion- when there are two or more criterions which can be seperated into various questions",
                "category_reasoning": "The criterion involves two separate conditions: being pregnant and being lactating, which can be considered independently.",
                "overall_thoughts": "The criterion specifies two conditions related to females: pregnancy and lactation. Each condition can be considered separately, making it a compound criterion.",
                "root_term": "females",
                "qualifiers": [],
                "relation_type": "state",
                "target": [
                    {
                        "answer": "pregnant",
                        "dependent_criterion": null
                    },
                    {
                        "answer": "lactating",
                        "dependent_criterion": null
                    }
                ],
                "additional_information": []
            }
        ]
    }
}